SELECTED_GENE,EVALUATED_GENE,CORRELATION,PVALUE,LOGPVALUE
DIS3L2,AASDHPPT,0.0006808131581326,0.984873690522249,0.0066194639456801
DIS3L2,ABCA7,0.0039990526426671,0.9113266932239676,0.0403259088331727
DIS3L2,ABCB5,-0.0001532033016378,0.996595935209891,0.0014808885070394
DIS3L2,ABCC4,3.8338082427564494e-05,0.9991481535612112,0.0003701098685718
DIS3L2,ABCG5,-0.0038942836076246,0.9136406000039616,0.039224609660935
DIS3L2,ABHD12,0.0016158288569615,0.964109449974052,0.0158736602656699
DIS3L2,ABRA,0.0035215578856428,0.921878332107214,0.0353263925918735
DIS3L2,ABRAXAS2,0.0027902257314917,0.938065254915862,0.0277669496122507
DIS3L2,ACAD8,0.0045409386258574,0.8993711198490321,0.046061062389134
DIS3L2,ACAN,-0.0024534922408556,0.9455273432426644,0.0243259074876872
DIS3L2,ACAP2,-0.0018947649073685,0.9579190782882662,0.018671177077245
DIS3L2,ACBD5,-0.0040363772526339,0.9105025300189862,0.0407188430906337
DIS3L2,ACCSL,-0.0027187585976467,0.9396485508512554,0.0270345516836495
DIS3L2,ACER2,0.0029930089056099,0.9335741104948536,0.0298512004771735
DIS3L2,ACLY,0.0010200490770109,0.9773382322132976,0.0099551118564345
DIS3L2,ACMSD,0.0036900444940511,0.9181534652862892,0.0370847223318343
DIS3L2,ACSL1,0.0014047574823935,0.9687951701872796,0.013768034982925
DIS3L2,ACTRT1,-0.0033485057346663,0.92570591342815,0.0335269619798957
DIS3L2,ACY3,-6.738886491364779e-06,0.9998502664413472,6.503332723586208e-05
DIS3L2,ADAM29,0.0047563302167136,0.8946251270871678,0.048358908083714
DIS3L2,ADAMTS9,0.0016955571571767,0.9623398191089882,0.0166715438624065
DIS3L2,ADAMTSL1,0.0049025788169268,0.8914047825573653,0.0499250401705275
DIS3L2,ADAMTSL4,0.0026507976754681,0.9411543905207502,0.026339127421549
DIS3L2,ADCY4,0.0033333667217603,0.92604084227823,0.033369858690736
DIS3L2,ADGRA1,0.0040431096300796,0.910353882869274,0.0407897510837704
DIS3L2,ADGRA3,-0.0021470644506827,0.9523220157447562,0.0212161755502276
DIS3L2,ADGRE5,0.0038083564667437,0.9155389150635972,0.0383231912441008
DIS3L2,ADGRF4,0.002801664405411,0.9378118629679638,0.0278842779002831
DIS3L2,ADGRG5,-0.003973205897618,0.9118974700113373,0.0400539892061189
DIS3L2,ADGRL3,-0.0015266823963825,0.96608833269988,0.0149831627664173
DIS3L2,ADM5,-0.0036128697354633,0.9198594112197146,0.0362785439556886
DIS3L2,ADO,-0.003732543417363,0.9172141877822332,0.0375292360748085
DIS3L2,ADPRHL2,-0.0032107138144282,0.9287548383586484,0.0320989107635468
DIS3L2,ADRA1D,0.0007840010212057,0.9825814017874612,0.007631460410356
DIS3L2,ADSS,0.0046556598731924,0.8968428648439519,0.0472836426964113
DIS3L2,AFF2,-0.0010807681012808,0.9759896721430692,0.0105547779839296
DIS3L2,AGAP9,0.0032595585586301,0.9276739278330864,0.0326046490264746
DIS3L2,AGO1,-0.0006249032656535,0.9861157659916684,0.0060720976550081
DIS3L2,AGO2,0.0001588015367377,0.9964715473345288,0.0015350973769636
DIS3L2,AHCYL1,0.0008178437140761,0.981829626422696,0.0079638673290699
DIS3L2,AHNAK,-0.0043163384537591,0.9043238423552792,0.0436760189024376
DIS3L2,AHSG,-0.0027166753035857,0.9396947081305532,0.0270132188572945
DIS3L2,AKAP11,0.0043996263564525,0.902486793174686,0.044559144761168
DIS3L2,AKAP17A,-0.0002461789659808,0.9945301104672508,0.0023820636086101
DIS3L2,AKIP1,0.0028005235972117,0.937837134113121,0.0278725751574875
DIS3L2,AKR1C1,-0.0028549903780206,0.9366306579939214,0.0284316309019254
DIS3L2,ALDH3B2,0.0020079271808276,0.9554083916265468,0.0198109485026352
DIS3L2,ALDH7A1,-0.0006632885563858,0.9852630074168184,0.0064478228799603
DIS3L2,ALDOC,-0.0023711172395417,0.9473535430726276,0.0234879162957308
DIS3L2,ALG12,-0.0025275156582013,0.9438865359636648,0.025080208844435
DIS3L2,ALKBH7,-0.0045015087899568,0.9002403209821168,0.045641539289256
DIS3L2,ALPK3,-0.0046457654769635,0.8970608791611047,0.0471780825004444
DIS3L2,AMBRA1,-0.0011579167290635,0.9742763124411308,0.0113178563141512
DIS3L2,AMER1,0.0022612233656853,0.9497902464954324,0.0223722945507601
DIS3L2,AMZ1,0.0018533073918092,0.9588389854169722,0.0182543163079088
DIS3L2,ANAPC15,0.001262390307133,0.971956295334738,0.0123532629766988
DIS3L2,ANGPTL3,-0.0013923556408812,0.9690705223171536,0.0136446168205085
DIS3L2,ANGPTL8,-0.0047596283130201,0.8945524848145169,0.0483941736023217
DIS3L2,ANKH,0.0011204177600523,0.9751090961255268,0.0109467923068338
DIS3L2,ANKLE2,0.0045841279664085,0.8984191815211608,0.046520984329117
DIS3L2,ANKRD65,0.0022132236236488,0.950854704784516,0.0218858402982841
DIS3L2,ANKRD7,0.0003768577666166,0.991626625391224,0.0036518208460801
DIS3L2,ANO4,0.0012160157774671,0.9729860941788736,0.0118933665811211
DIS3L2,ANP32E,-0.0044699648423003,0.9009357696619668,0.0453061700372618
DIS3L2,ANXA1,0.0032285616951042,0.9283598580883172,0.0322836465311115
DIS3L2,ANXA10,0.0025906794025816,0.9424866324105232,0.0257248008160861
DIS3L2,ANXA7,0.0041263515690313,0.9085162075128994,0.0416673206722568
DIS3L2,AP2S1,-0.00106914148138,0.9762478923759942,0.0104398907130695
DIS3L2,AP3D1,-0.0045078204947371,0.9001011761334166,0.0457086708197939
DIS3L2,AP3M1,-0.0019478863145828,0.9567404412025526,0.0192058681196354
DIS3L2,AP3S1,-0.0007846458443515,0.9825670776581182,0.0076377916269505
DIS3L2,AP5B1,-0.0018680395332205,0.9585120853574488,0.0184024069685337
DIS3L2,APBA1,-0.0043144592638034,0.9043652968582784,0.0436561111565288
DIS3L2,APH1B,-0.0038290371307596,0.915081990440074,0.0385399918347268
DIS3L2,APOA2,0.0004798526487488,0.9893383111424604,0.0046551729749399
DIS3L2,APOBR,0.0018282816035361,0.9593943130033876,0.018002860227603
DIS3L2,APPL1,-0.0013253462352092,0.9705583627949502,0.0129783439668161
DIS3L2,AQP7,0.0032306426812765,0.9283138062313864,0.032305190508101
DIS3L2,ARAP3,0.002426832371781,0.9461183442766672,0.0240545369050128
DIS3L2,ARFGEF2,-0.0038317811372361,0.915021365661698,0.0385687650803877
DIS3L2,ARHGAP17,0.0015326312128222,0.9659562736063708,0.0150425325506327
DIS3L2,ARHGAP21,-0.0038618560001555,0.91435693831014,0.0388842352534721
DIS3L2,ARHGAP24,-0.0045099290866716,0.9000546917987821,0.0457310998665124
DIS3L2,ARHGAP45,0.0010667197226316,0.97630167849429,0.0104159640330679
DIS3L2,ARHGDIG,-0.003410598425848,0.924332340211538,0.0341718517565292
DIS3L2,ARL14,0.0030951447800912,0.9313128440180908,0.0309044075167657
DIS3L2,ARMC9,0.0007006793979797,0.9844323574389354,0.0068141198511669
DIS3L2,ARMH1,0.0010644181071559,0.9763527963869154,0.0103932255312137
DIS3L2,ARMH4,-0.0017739794500578,0.9605993566604598,0.0174577085557968
DIS3L2,ARMT1,0.0028418401272686,0.9369219317707294,0.0282965948258621
DIS3L2,ARNTL,0.001676470973203,0.9627634350932882,0.0164804122054469
DIS3L2,ARSA,-0.0028417104558596,0.9369248039922824,0.0282952634576691
DIS3L2,ARV1,-0.0020125280595875,0.9553063229194132,0.0198573477646369
DIS3L2,ASB4,0.0032137650239176,0.9286873127080142,0.0321304875396563
DIS3L2,ASB8,-0.0020208031520172,0.9551227450521382,0.0199408126326491
DIS3L2,ASB9,0.0009437818908008,0.9790322056746312,0.0092030216629236
DIS3L2,ASCC1,0.0048944797460015,0.8915830750984731,0.0498381843159649
DIS3L2,ATP10D,-0.001292314200386,0.9712918261259758,0.0126502660395809
DIS3L2,ATP11B,0.0043063168488412,0.9045449196845397,0.0435698612124331
DIS3L2,ATP6AP2,-0.0046083984148435,0.8978842993332316,0.0467796225737427
DIS3L2,ATP6V0E1,-0.000841528918877,0.981303497172802,0.0081966534124192
DIS3L2,ATP6V1C2,0.0005390360501413,0.9880234276906972,0.0052327574405448
DIS3L2,ATP6V1F,0.0023181151380887,0.9485287115287906,0.0229495186816976
DIS3L2,ATP8B1,0.0021199709446304,0.9529229558076824,0.0209422108204054
DIS3L2,ATR,-0.0018412442841118,0.9591066658809236,0.0181330906109413
DIS3L2,ATXN7L1,-0.0011613428254662,0.974200226472666,0.0113517738036476
DIS3L2,AURKC,0.0016871897974036,0.9625255305406256,0.0165877422081751
DIS3L2,B3GALT6,-0.004791105856333,0.8938592201810025,0.0487308757376006
DIS3L2,B3GLCT,-0.0029204763036896,0.9351802928291242,0.0291046536915371
DIS3L2,BACH2,-0.0031197403445171,0.9307683854352852,0.0311583764211677
DIS3L2,BAD,-0.0012528457768713,0.972168238659244,0.0122585717004308
DIS3L2,BAMBI,0.000885522810094,0.9803262643851954,0.0086293618170518
DIS3L2,BARHL2,-0.0014377944120394,0.9680616853154024,0.0140969683749189
DIS3L2,BBS9,0.0021410703100212,0.9524549648149964,0.0211555500300091
DIS3L2,BCAS3,0.0002014033603527,0.9955249751890258,0.0019478401561892
DIS3L2,BCL2L10,-0.0009350967410982,0.979225118003484,0.009117455012239
DIS3L2,BEX2,0.0033998802820562,0.9245694238968276,0.0340604730572022
DIS3L2,BGN,-0.0024672311196385,0.9452227888341797,0.0244658162973646
DIS3L2,BHLHE40,0.0021850262233155,0.951480060672984,0.0216003084073658
DIS3L2,BICD2,0.0022087660228424,0.9509535624975296,0.0218406902586795
DIS3L2,BICRAL,-0.0026307859844806,0.9415978385089152,0.0261345471110195
DIS3L2,BID,-0.0037494087975877,0.916841474411221,0.037705749106476
DIS3L2,BIRC8,0.0027209380922638,0.9396002623775124,0.0270568706203897
DIS3L2,BLOC1S5,0.0044755051890268,0.9008136162566774,0.0453650578607946
DIS3L2,BMP8B,0.0007228748304944,0.9839392864353036,0.0070316987024058
DIS3L2,BORCS6,-0.0028041496511724,0.9377568101032788,0.0279097732667773
DIS3L2,BRINP1,-0.0005879995041903,0.9869356262007912,0.0057111736703049
DIS3L2,BTBD2,-0.0024131819074928,0.9464209618350208,0.0239156492883428
DIS3L2,BTN1A1,0.0027512244882231,0.9389292656906908,0.0273671241101552
DIS3L2,BTN2A2,0.0006537715143243,0.9854744342519044,0.0063546379571847
DIS3L2,BTN3A1,0.0042355992430524,0.9061051641290596,0.0428213944308636
DIS3L2,C10orf88,0.0026614456815841,0.9409184440155084,0.0264480182826329
DIS3L2,C11orf24,-0.0036670582113916,0.9186615374737548,0.0368444662878444
DIS3L2,C11orf49,-0.0010446374965728,0.9767921192390236,0.0101978529378789
DIS3L2,C11orf88,0.0034532658094202,0.9233886109856873,0.034615486311381
DIS3L2,C11orf94,-0.0004885657272968,0.989144729919188,0.0047401585478163
DIS3L2,C12orf4,-0.0017451179933739,0.9612398710477156,0.017168223493515
DIS3L2,C12orf57,-0.0037240846060845,0.9174011285711492,0.0374407299420773
DIS3L2,C16orf71,-0.0025700857071121,0.9429430330017448,0.0255145439544141
DIS3L2,C16orf89,-0.0016487437793408,0.9633788561052996,0.0162028896570036
DIS3L2,C17orf49,-0.0048220898141038,0.8931769053508973,0.0490625148978854
DIS3L2,C1QTNF9,-0.0007183826532291,0.9840390795579024,0.0069876539067287
DIS3L2,C1RL,0.0026893102930984,0.9403010236006036,0.0267330911233633
DIS3L2,C1orf141,-0.0043878367031073,0.9027468015882676,0.0444340415940485
DIS3L2,C20orf173,-0.0022855413883712,0.9492509959219808,0.0226189385408713
DIS3L2,C21orf62,0.0027669690320457,0.938580461564122,0.0275284907406207
DIS3L2,C22orf42,0.0004604496152966,0.9897693967106644,0.0044659785357317
DIS3L2,C3orf22,6.113974362830025e-05,0.9986415163633424,0.0005903830508698
DIS3L2,C4orf17,-0.0030806520259468,0.931633677242673,0.0307548207209725
DIS3L2,C7orf50,0.0047601514027541,0.8945409635743355,0.0483997670620038
DIS3L2,C9orf116,0.0020692852672412,0.954047247017128,0.0204301173181948
DIS3L2,C9orf152,-0.0047756111571658,0.8942004669400643,0.0485651076848955
DIS3L2,C9orf85,0.0045287445495666,0.8996399162896647,0.0459312835168029
DIS3L2,CA11,-0.0008148484043319,0.9818961630434426,0.0079344370619717
DIS3L2,CACNA1E,-0.0026715150004711,0.940695325256632,0.0265510141767168
DIS3L2,CACNA1S,0.001484107556969,0.9670334878680228,0.0145584862639771
DIS3L2,CACYBP,0.0021041164073864,0.9532746254256556,0.0207819670159067
DIS3L2,CALB1,-0.0048700203761755,0.8921215556105522,0.0495759669980452
DIS3L2,CALCR,0.004769297297314,0.8943395255361412,0.0484975750814166
DIS3L2,CAMK2N2,0.003115355306601,0.930865452264556,0.0311130876135486
DIS3L2,CAPN3,0.0006861119165099,0.9847559769299168,0.006671374580964
DIS3L2,CAPN5,-0.0016925529257285,0.9624064970312116,0.0166414538152608
DIS3L2,CAPN9,0.0028326779110104,0.9371248768630684,0.0282025332115304
DIS3L2,CAPNS2,0.0028994719999831,0.9356454675008768,0.0288886818982141
DIS3L2,CARHSP1,0.0003918389342539,0.9912937728782898,0.003797621969654
DIS3L2,CARNMT1,-0.0034044295132535,0.9244687947873484,0.0341077437588752
DIS3L2,CASP3,-0.0025497667581111,0.943393362945741,0.0253071834710463
DIS3L2,CCDC105,-0.0036128848594194,0.919859076868752,0.0362787018132946
DIS3L2,CCDC129,-0.004537502711616,0.8994468572232993,0.046024491347309
DIS3L2,CCDC148,-0.0026029142233901,0.9422154913776296,0.0258497596132661
DIS3L2,CCDC171,0.0042595283332669,0.9055771751723858,0.0430745322927357
DIS3L2,CCDC3,0.0017470357258308,0.9611973105586032,0.0171874530275133
DIS3L2,CCDC33,0.0030499997216067,0.9323122788352272,0.0304385959515612
DIS3L2,CCDC36,0.0037187669197833,0.9175186524386696,0.0373850981180008
DIS3L2,CCDC91,-0.0007195415680208,0.9840133343954776,0.0069990163906728
DIS3L2,CCDC92,-0.0034511015557917,0.9234364779780472,0.0345929737618428
DIS3L2,CCL21,-0.0015794568179185,0.9649168144561664,0.0155101255990807
DIS3L2,CCL23,-0.0022330185081854,0.9504157161095352,0.0220863907938421
DIS3L2,CCL25,-0.0047822104222645,0.8940551259506194,0.0486357025037796
DIS3L2,CCL27,-0.0020706937456623,0.9540160034192556,0.0204443400355486
DIS3L2,CCL3,0.0023934821545578,0.9468576998486165,0.0237152847920382
DIS3L2,CCL5,-0.0044391987237159,0.901614142685057,0.04497928458184
DIS3L2,CCNC,0.0045893711915214,0.8983036252469979,0.0465768476510478
DIS3L2,CCNY,0.0004712058936463,0.9895304194561032,0.0045708504733864
DIS3L2,CCNYL1,0.0016229785844536,0.963950748948882,0.0159451549002232
DIS3L2,CCR3,0.0007931330206386,0.9823785436803056,0.0077211316090624
DIS3L2,CCR4,-0.0011486405524242,0.9744823168294992,0.0112260372780677
DIS3L2,CCR6,0.0035175910552913,0.9219660509001087,0.0352850704628552
DIS3L2,CCRL2,-0.0009288575106058,0.9793637029481422,0.0090559957858852
DIS3L2,CCT6A,0.001206688314881,0.973193226512251,0.0118009224483602
DIS3L2,CD109,-0.0018598060906448,0.9586947811516044,0.0183196367918827
DIS3L2,CD14,0.0036133815828678,0.9198480956252753,0.0362838864356277
DIS3L2,CD160,-0.0010298877757792,0.9771197117561022,0.0100522254622106
DIS3L2,CD1A,-0.0023711057587037,0.947353797614758,0.0234877996062134
DIS3L2,CD1C,-0.0024991629921499,0.9445149750756192,0.0247911520447936
DIS3L2,CD1E,-0.0046557013243355,0.8968419515208124,0.0472840849716607
DIS3L2,CD22,0.0029400642514552,0.9347465055759132,0.0293061497222155
DIS3L2,CD247,-0.0047485508336053,0.8947964755063536,0.0482757352047739
DIS3L2,CD248,-0.0007808523529294,0.9826513465216132,0.0076005464006853
DIS3L2,CD3E,-0.0021027987781307,0.9533038521803816,0.0207686520451866
DIS3L2,CD47,0.00457354926715,0.8986523337024859,0.0464082935368992
DIS3L2,CD70,0.002763067384106,0.9386668974557778,0.0274884974700156
DIS3L2,CD74,-0.0042534583732786,0.9057111032775732,0.0430103081293569
DIS3L2,CD86,0.0015524321083541,0.9655167158751384,0.0152402029312048
DIS3L2,CD93,-0.0028627996174541,0.9364576898836982,0.0285118397144075
DIS3L2,CDC14A,0.0046791249416409,0.8963258638081367,0.0475340716712497
DIS3L2,CDC14B,0.0020576745452619,0.9543048047468654,0.0203128895756803
DIS3L2,CDC20,-0.0007592622353767,0.9831309544385228,0.0073886296733629
DIS3L2,CDC25C,-0.000897218722883,0.9800664689075868,0.0087444691025393
DIS3L2,CDC37,-0.0012662670611442,0.9718702097200966,0.0123917298947465
DIS3L2,CDC42BPG,-0.0045967536177643,0.8981409264271741,0.0466555132572743
DIS3L2,CDC42EP2,0.0037481817548336,0.9168685906027412,0.0376929047505737
DIS3L2,CDH13,0.0004489775337395,0.9900242783081046,0.004354155093405
DIS3L2,CDH19,-0.0029601245255478,0.9343022784048628,0.0295125920734104
DIS3L2,CDK12,0.0033754471934639,0.9251099050064888,0.0338066690961463
DIS3L2,CDK2AP2,0.0007314370393419,0.983749078796458,0.0071156613152701
DIS3L2,CDK5R1,0.0040444514436483,0.9103242567460648,0.0408038847865388
DIS3L2,CDK6,0.0025333384565727,0.9437574774733442,0.025139594395818
DIS3L2,CDKN2A,-0.0008609443386737,0.9808722204665792,0.0083875650570984
DIS3L2,CDKN2C,-0.0036906086009711,0.9181409970929006,0.0370906199345325
DIS3L2,CDR1,-0.0043791096319866,0.9029392746768636,0.0443414562862172
DIS3L2,CDRT15L2,-0.0020382698225012,0.9547352654566512,0.0201170354215193
DIS3L2,CDS2,0.0004331901952274,0.9903750360182229,0.0042003152708195
DIS3L2,CEACAM1,0.0040082414291366,0.911123787131679,0.0404226148864119
DIS3L2,CEACAM3,-0.0028173080165289,0.9374653325338492,0.028044783512383
DIS3L2,CELF4,-0.0003083265996723,0.9931492727813336,0.0029854710685086
DIS3L2,CEP170B,0.0012307978740106,0.9726578360561852,0.0120399100369516
DIS3L2,CEP85,-0.0037098607339734,0.917715488198025,0.0372919386866627
DIS3L2,CEP95,-0.0031222076810298,0.9307137691342144,0.0311838610148562
DIS3L2,CEPT1,-0.0039919987313423,0.911482461080104,0.0402516837061121
DIS3L2,CFAP157,-0.0011064360425604,0.9754196115409748,0.0108085168412289
DIS3L2,CFAP20,-0.0012332573516156,0.9726032201976792,0.0120642968573257
DIS3L2,CFAP45,0.0033791680390309,0.9250275944423848,0.0338453116552284
DIS3L2,CFAP52,0.0029477945491129,0.9345753186533204,0.0293856925115847
DIS3L2,CGN,-0.0032462331302478,0.9279687999788816,0.0324666253164745
DIS3L2,CHD7,0.000484198200612,0.989241764562589,0.0046975565483245
DIS3L2,CHID1,-0.0014537702666001,0.9677069995303204,0.0142561176391884
DIS3L2,CHRDL2,-6.06137623563753e-05,0.9986532032993396,0.0005853006043345
DIS3L2,CHRNA10,0.0028372444838546,0.9370237257662224,0.0282494124858629
DIS3L2,CHRNB2,0.001147072614729,0.9745171375987616,0.0112105190921457
DIS3L2,CHST12,-0.0026970997760276,0.9401284316460774,0.0268128130544074
DIS3L2,CHUK,-0.0025274587649829,0.9438877969716392,0.0250796286386389
DIS3L2,CIAO1,7.794627532739329e-05,0.9982680871499184,0.0007528122848989
DIS3L2,CLCN7,0.0034664550013739,0.9230969104314938,0.0347527025967391
DIS3L2,CLDN1,0.0023709307592946,0.94735767753441,0.0234860209420556
DIS3L2,CLDN24,-0.0034242542488484,0.9240302852364082,0.0343137944773913
DIS3L2,CLEC2B,0.0038820264577955,0.9139113569528086,0.0390959257685467
DIS3L2,CLIP2,-0.0038917910737708,0.9136956585576642,0.0391984386418357
DIS3L2,CLK3,0.0006779481106356,0.9849373385951278,0.0065913983023915
DIS3L2,CLPP,-0.003996968040213,0.91137272606232,0.0403039723498716
DIS3L2,CLRN2,-0.0014572418081467,0.967629927408712,0.0142907079957044
DIS3L2,CLTRN,0.0005372480489919,0.988063151430472,0.0052152968685542
DIS3L2,CMC1,0.0046315466930982,0.8973741911347511,0.0470264251182364
DIS3L2,CMTM4,0.0017651668945402,0.960794928613617,0.0173692979458397
DIS3L2,CNBD1,0.0027210547343569,0.9395976780834348,0.0270580651136714
DIS3L2,CNDP1,-0.0015623608981193,0.9652963117772588,0.015339353167445
DIS3L2,CNN2,-0.0020159353546102,0.9552307338749616,0.0198917128713465
DIS3L2,COASY,-0.0012575435073182,0.9720639218484736,0.0123051754098551
DIS3L2,COG7,0.0027998134851869,0.9378528645225496,0.0278652907661243
DIS3L2,COL10A1,-0.0031437617245793,0.9302366684678656,0.0314065452809824
DIS3L2,COL4A6,0.0017861667595282,0.9603288946443612,0.0175800037657845
DIS3L2,COLEC10,-0.0040503379353477,0.910194289395461,0.0408658936063998
DIS3L2,COMMD9,0.0041882083232725,0.9071509540908568,0.0423204383271628
DIS3L2,COMTD1,-0.0035050749677315,0.9222428262120946,0.0351547143051371
DIS3L2,COPS7A,0.0025776983599695,0.942774318052378,0.0255922565253666
DIS3L2,COPS9,0.0045171039652406,0.8998965227169187,0.0458074263347897
DIS3L2,CORO1B,0.0043688036411695,0.9031665777243412,0.0442321421398408
DIS3L2,CORO6,0.0024619411570915,0.9453400522933252,0.0244119414700451
DIS3L2,CPEB2,-0.0045772708719447,0.8985703093631027,0.0464479355012803
DIS3L2,CPNE1,-0.0043312484364242,0.9039949407626138,0.0438340000611718
DIS3L2,CRAMP1,0.003883836143156,0.913871380890388,0.039114922975338
DIS3L2,CREBZF,1.6600792839679163e-05,0.9996311414774892,0.0001602227725139
DIS3L2,CRELD1,0.0008794720810122,0.9804606670316982,0.0085698241621587
DIS3L2,CRISP3,-0.0002814477056487,0.993746483752336,0.0027243950294699
DIS3L2,CRYZ,0.0042220354892194,0.9064044631277994,0.0426779646770916
DIS3L2,CST2,-0.001958984379695,0.9564942134926816,0.0193176529820062
DIS3L2,CTNNA3,0.0011330303887806,0.9748289895857708,0.0110715641919405
DIS3L2,CTSH,-0.0013989269491372,0.968924622256012,0.0137100076877253
DIS3L2,CTSL,-0.0048109504995256,0.8934222012854693,0.0489432596367677
DIS3L2,CTSV,0.0015934816051216,0.9646054964307924,0.0156502677481996
DIS3L2,CTSW,-0.0013840657198216,0.9692545815065748,0.0135621374775006
DIS3L2,CTSZ,-0.0039230446437305,0.913005316236717,0.0395266936534898
DIS3L2,CTU1,-0.0023292087348178,0.9482827337420726,0.0230621569687636
DIS3L2,CUTA,0.0003994973993565,0.9911236172055552,0.0038721750585084
DIS3L2,CXCL6,0.0026307520342468,0.9415985908426884,0.0261342001112046
DIS3L2,CXCR4,-0.0012071720450097,0.973182484409106,0.011805716215662
DIS3L2,CXXC1,-0.0005529273478921,0.9877148079346524,0.0053684351894793
DIS3L2,CXXC5,0.0018573554767713,0.9587491594132054,0.0182950038120541
DIS3L2,CXorf21,0.0006927448943836,0.9846086236968526,0.0067363647774055
DIS3L2,CXorf65,0.0024039539834808,0.946625540337067,0.0238217822704977
DIS3L2,CXorf66,0.0004949355475892,0.989003210009023,0.0048022988103603
DIS3L2,CYB5R1,0.0019851574156278,0.9559135407294418,0.0195813864709128
DIS3L2,CYP2D6,-0.0001801598313807,0.9959969855668184,0.0017419759876245
DIS3L2,CYP2S1,-0.0014226030917055,0.9683989592195348,0.0139456859852158
DIS3L2,CYP7B1,0.0041829872841171,0.9072661782216134,0.0422652787904215
DIS3L2,CYREN,-0.002910290540767,0.9354058704660142,0.0289999088523639
DIS3L2,DACH2,0.0009231523042138,0.9794904267658496,0.0089998043074101
DIS3L2,DAG1,0.0010352149705919,0.977001393872086,0.0101048166798721
DIS3L2,DBR1,-0.0035397996120677,0.9214749637793028,0.0355164599459433
DIS3L2,DBX2,0.0037759179336348,0.9162556775323044,0.0379833212585251
DIS3L2,DCLRE1C,-0.0042985042014383,0.9047172723747536,0.0434871182878796
DIS3L2,DCTPP1,0.004643507132066,0.8971106408922144,0.0471539919996256
DIS3L2,DDHD1,-0.0027660820164311,0.9386001121680134,0.027519398222878
DIS3L2,DDX56,0.0024484982383382,0.9456380489699736,0.0242750617110688
DIS3L2,DEDD,-0.0025382779165823,0.9436479987509736,0.0251899767918252
DIS3L2,DEFB110,-0.0020027473257715,0.9555233055710948,0.0197587158748084
DIS3L2,DEFB129,-0.0031748500585653,0.9295485695534872,0.0317279131131867
DIS3L2,DEFB135,-0.0016111305214835,0.9642137387297994,0.0158266847052917
DIS3L2,DENND3,0.0019952507882889,0.9556896162388376,0.0196831326630789
DIS3L2,DEPDC1B,0.0014376038501493,0.9680659160877596,0.0140950703583962
DIS3L2,DES,0.0044938792902888,0.9004085213963012,0.0455604035228285
DIS3L2,DEXI,0.0018103101385104,0.9597931157984078,0.0178223694082712
DIS3L2,DGKG,0.002216469545799,0.9507827193516616,0.0219187202530896
DIS3L2,DHRS3,-0.0026380915541963,0.941435949028955,0.0262092220408731
DIS3L2,DHX32,0.0023030092883842,0.948863660675746,0.0227961855389244
DIS3L2,DIABLO,0.0044570732231403,0.9012200127686326,0.0451691727643611
DIS3L2,DISP2,0.0027673719525272,0.9385715354305618,0.0275326210087675
DIS3L2,DIXDC1,0.0033843139976439,0.9249137596065928,0.0338987596642554
DIS3L2,DLEC1,-0.0037649992480087,0.9164969523408584,0.0378689748738852
DIS3L2,DLX3,-0.0047825090002748,0.8940485502078594,0.0486388967355606
DIS3L2,DMGDH,-0.0014528081893124,0.9677283587800348,0.0142465319878266
DIS3L2,DMRT1,0.0001661007656758,0.9963093649965328,0.0016057874304194
DIS3L2,DMXL1,0.002821203601956,0.9373790410644112,0.02808476113353
DIS3L2,DNAH1,-0.0039764351658528,0.9118261552053744,0.0400879544695998
DIS3L2,DNAH11,-0.0016194006777523,0.9640301668275412,0.0159093757634035
DIS3L2,DNAJB13,0.0036853685423682,0.9182568164487848,0.0370358390947234
DIS3L2,DNAJC10,0.0011566655706671,0.9743040979400656,0.0113054707961599
DIS3L2,DNAJC24,0.0015694849465463,0.9651381703195284,0.0154105080947352
DIS3L2,DNAJC5B,-0.0036286993208743,0.9195094683948524,0.0364437943753704
DIS3L2,DNAJC9,0.0027649940736061,0.9386242140872636,0.0275082462999162
DIS3L2,DOCK3,0.0037286693311692,0.9172998050060398,0.0374886988120476
DIS3L2,DPEP1,-0.0012471589548116,0.972294519665254,0.0122021621405958
DIS3L2,DPPA3,-0.0045883450643194,0.8983262400586799,0.0465659144164257
DIS3L2,DPRX,-0.0039408657480956,0.9126117052986652,0.0397139651995424
DIS3L2,DPYSL4,0.0028621798303894,0.9364714175386302,0.0285054733818401
DIS3L2,DRD5,0.0032248491158856,0.9284420174062148,0.0322452134178172
DIS3L2,DTD2,0.0015443738924125,0.9656955980005452,0.0151597482658743
DIS3L2,DTNBP1,-0.0028678166393921,0.9363465686300236,0.0285633767045978
DIS3L2,DTWD1,-0.0012470159550536,0.9722976951126284,0.0122007437668494
DIS3L2,DUSP14,0.0034498854635764,0.923463374520509,0.0345803244349629
DIS3L2,DUSP16,0.0029168579656402,0.9352604252751532,0.0290674420559946
DIS3L2,DUSP18,-0.0026410211733098,0.941371030127346,0.0262391708577867
DIS3L2,DVL1,0.0007569999319673,0.9831812101303674,0.007366429973793
DIS3L2,DYRK3,0.00156499650765,0.9652378056804856,0.015365676323057
DIS3L2,E2F2,-0.0026623430025415,0.9408985607409206,0.0264571957918319
DIS3L2,ECI1,-6.895480350954189e-05,0.9984678712341272,0.000665905325299
DIS3L2,EDF1,0.0048625967505055,0.8922849988341581,0.0494964083457434
DIS3L2,EDRF1,-0.0033834672288967,0.9249324910512235,0.0338899643786595
DIS3L2,EEA1,0.0003404779647117,0.992434920029278,0.0032979629516114
DIS3L2,EFL1,-0.0037472927096954,0.9168882375075912,0.0376835986722188
DIS3L2,EGF,-0.0027642564923493,0.9386405542461476,0.0275006858950585
DIS3L2,EGFL7,-0.0033948782918274,0.9246800694380012,0.0340085030572541
DIS3L2,EHBP1,-0.0045201120495387,0.8998302111466191,0.0458394298034704
DIS3L2,EIF2AK2,0.0011130801915886,0.9752720533300973,0.0108742204252652
DIS3L2,EIF3G,0.0035050725513405,0.9222428796480174,0.035154689141563
DIS3L2,EIF5B,0.003507220080097,0.92219538946275,0.0351770533765241
DIS3L2,ELANE,-0.0031060376954052,0.9310717095253832,0.0310168691240804
DIS3L2,ELFN2,0.0002003653748327,0.9955480381742248,0.0019377791216201
DIS3L2,ELMO1,0.000954547570253,0.9787930828499548,0.0093091084770833
DIS3L2,ELOA2,0.0018795253068053,0.9582572256707416,0.0185178972944818
DIS3L2,ELOA3D,-0.0023382597205716,0.9480820503133516,0.0231540756826746
DIS3L2,ELOVL5,0.0017602600797747,0.960903823740112,0.0173200784180282
DIS3L2,ELP3,-0.004781979687358,0.8940602075535004,0.0486332340812466
DIS3L2,EMC4,-0.0033708418252142,0.9252117836183228,0.0337588446348538
DIS3L2,EMILIN1,0.0045095708151465,0.9000625899427132,0.0457272888700163
DIS3L2,ENDOV,-0.0022138954848666,0.950839804757636,0.0218926458071835
DIS3L2,ENTPD8,-0.0047648289083699,0.8944379408123299,0.0484497868995651
DIS3L2,EPB41L2,-0.0007437658960308,0.9834751975035584,0.0072365881830445
DIS3L2,EPC2,-0.0042498638608448,0.9057904141627272,0.0429722796988338
DIS3L2,EPCAM,-0.0028387333904431,0.9369907462126976,0.0282646982142573
DIS3L2,EPHA1,0.0032841108843663,0.9271306469380264,0.0328590627849965
DIS3L2,EPN2,-0.0007349832984278,0.9836702996784968,0.0071504412270798
DIS3L2,EPPIN,0.0027784528592261,0.9383260566334184,0.0276462234643115
DIS3L2,EPS15,0.001369015178672,0.9695887493425616,0.0134124324999746
DIS3L2,EPS8L1,0.0040720095753205,0.9097158237916716,0.0410942510123927
DIS3L2,ERC1,-0.0032720653625926,0.9273971796601947,0.0327342291862538
DIS3L2,ERCC5,-0.0021125167364271,0.9530882965243812,0.0208668633522427
DIS3L2,ERCC8,-0.0040362616099874,0.9105050833716358,0.0407176251858232
DIS3L2,ERICH6B,1.7502800134947352e-05,0.9996110994797468,0.0001689302006063
DIS3L2,ERLIN2,0.0020822746929586,0.9537591115262676,0.0205613000811752
DIS3L2,ERP27,-0.000408934802735,0.9909139376616072,0.0039640629937503
DIS3L2,ERP44,-0.0002698338562474,0.994004528144992,0.0026116371882963
DIS3L2,ETHE1,0.0001164804237975,0.9974118872654288,0.0011254601170377
DIS3L2,EVX2,0.0046105542493195,0.8978367903963971,0.046802602611379
DIS3L2,EXD3,-0.0032635037476918,0.9275866284974964,0.0326455205036579
DIS3L2,EXOSC6,-0.0015951168667553,0.9645691977325128,0.0156666108242441
DIS3L2,EXTL3,-0.0028303915430913,0.9371755210482432,0.0281790636650353
DIS3L2,EYA4,-0.0042365911170083,0.906083277871798,0.0428318845990364
DIS3L2,F2RL3,0.0006319874607098,0.9859583839631894,0.0061414156841155
DIS3L2,FAAH,0.0045320259191553,0.8995675832782517,0.0459662031441839
DIS3L2,FABP3,-1.450214945303844e-05,0.9996777719282957,0.0001399644249001
DIS3L2,FAH,0.002285134144058,0.9492600263478772,0.022614807025078
DIS3L2,FAM107A,-0.0043400274047538,0.9038012918407384,0.0439270422492259
DIS3L2,FAM111A,0.0025990614155244,0.9423008743610196,0.0258104058997784
DIS3L2,FAM131B,0.0020589830124424,0.954275779109385,0.0203260990511397
DIS3L2,FAM133B,0.0042185099310725,0.9064822605815526,0.0426406904178122
DIS3L2,FAM163A,-0.0021744310709575,0.9517150454152332,0.02149306498594
DIS3L2,FAM173A,-0.0014841529146727,0.967032480908842,0.0145589384893125
DIS3L2,FAM221A,0.0032307962056837,0.9283104087728176,0.0323067799492998
DIS3L2,FAM221B,0.0028031821424293,0.937778242205106,0.0278998477326765
DIS3L2,FAM47A,0.0010970014783151,0.9756291428129444,0.0107152354454162
DIS3L2,FAM53A,-0.0003986625864727,0.9911421650473446,0.0038640477675944
DIS3L2,FAM83D,0.0014812000489508,0.9670980358192208,0.0145294987637057
DIS3L2,FAU,-0.0031829246182761,0.9293698584950896,0.0318114167522762
DIS3L2,FBLN7,-0.0030459410178406,0.9324021368760428,0.0303967398357053
DIS3L2,FBXL12,0.0045061407070457,0.9001382076367398,0.0456908036653508
DIS3L2,FBXL3,-0.0018537623729574,0.9588288894718244,0.018258889167813
DIS3L2,FBXO2,0.0028067639072659,0.9376988997377448,0.0279365935772463
DIS3L2,FBXO25,0.0036133785445653,0.9198481627940736,0.0362838547227421
DIS3L2,FBXW10,-0.0027579751199633,0.9387797109722916,0.0274363050001524
DIS3L2,FBXW8,0.0046238009920709,0.8975448749632512,0.0469438285861797
DIS3L2,FCHSD2,-0.0014442580574814,0.9679181827974764,0.0141613516392444
DIS3L2,FEN1,0.0028134045487703,0.9375517993407924,0.0280047283507405
DIS3L2,FERD3L,-0.0021128601110314,0.9530806801374916,0.0208703339310202
DIS3L2,FERMT1,0.0012834355401921,0.9714889774388284,0.0125621225625519
DIS3L2,FEZ1,-0.0022078552312308,0.9509737615223144,0.0218314655896888
DIS3L2,FGA,-0.001251931154824,0.9721885486187032,0.0122494987737141
DIS3L2,FGB,0.000854281914966,0.9810202129435038,0.0083220443230164
DIS3L2,FGF4,-0.0048427372301034,0.892722260988312,0.0492836354917982
DIS3L2,FGFBP1,-0.0015829497037883,0.9648392799209052,0.0155450241242748
DIS3L2,FGFR1,-0.0004922466980307,0.9890629488185734,0.0047760668916398
DIS3L2,FIBIN,0.0013015776534319,0.9710861323256182,0.012742247811102
DIS3L2,FILIP1,-0.0037738700733944,0.9163009293791644,0.0379618729416576
DIS3L2,FKBP6,0.0017120314171322,0.9619741830500226,0.0168365831694286
DIS3L2,FKBP8,0.0017503827898942,0.9611230289893004,0.0172210167109512
DIS3L2,FKBP9,-0.0043667533531618,0.9032117986509888,0.0442103978594943
DIS3L2,FLII,-0.0016209316919543,0.9639961832537874,0.0159246855941613
DIS3L2,FMNL3,7.143873465278934e-05,0.9984126800474448,0.0006899119969215
DIS3L2,FN3KRP,0.0045971987757089,0.8981311158768475,0.0466602571577203
DIS3L2,FNTB,-0.0047894347223276,0.8938960233778738,0.0487129947380874
DIS3L2,FOLH1,-0.0002052982751987,0.9954384341660348,0.0019855950326379
DIS3L2,FOS,0.0007596465042481,0.983122418146306,0.0073924005654132
DIS3L2,FOXE1,-0.0031305691687754,0.930528683901328,0.0312702350339509
DIS3L2,FOXN1,-0.0035257984091644,0.9217845621672904,0.0353705696132138
DIS3L2,FOXO4,-0.0042744359515148,0.9052482636177964,0.0432322995426356
DIS3L2,FOXRED2,0.0008600934560158,0.9808911210941146,0.0083791966284817
DIS3L2,FREM1,-0.0042714857918364,0.9053133526496548,0.0432010740851568
DIS3L2,FRMPD2,-0.0005456488503793,0.9878765124081378,0.0052973401608997
DIS3L2,FSHB,0.0019382205658857,0.9569548941187872,0.0191085321259486
DIS3L2,FSTL4,0.0003111963388705,0.9930855114596822,0.0030133541671042
DIS3L2,FUS,-0.0047030786550196,0.8957981418772719,0.0477898427322379
DIS3L2,FUT1,0.0011036016713518,0.9754825596238887,0.0107804908279624
DIS3L2,FUT3,-0.0029238370458527,0.9351058657407456,0.0291392187485001
DIS3L2,FUT6,-0.004067875753585,0.9098070876261828,0.0410506842295728
DIS3L2,FUT8,-0.0034550164231402,0.9233498927069864,0.0346336969402897
DIS3L2,FUZ,-0.0018307859716171,0.95933873965083,0.018028017661911
DIS3L2,FYB2,-0.0005643152628787,0.9874618066222072,0.0054796931637792
DIS3L2,FZD9,-0.0020316910673808,0.9548812069266032,0.020050653950558
DIS3L2,G6PC,-0.0010694193652744,0.976241720712793,0.0104426362531784
DIS3L2,G6PD,-0.003112990015307,0.9309178105792512,0.0310886605735019
DIS3L2,GAB3,0.0023794945822015,0.9471678101003888,0.0235730700524558
DIS3L2,GABARAP,0.0017633021425549,0.960836312279312,0.0173505922782043
DIS3L2,GABRG3,-0.000663698714895,0.9852538955210316,0.006451839334784
DIS3L2,GALC,0.0037087465122113,0.9177401139860744,0.037280285074502
DIS3L2,GAST,-6.913196921755906e-05,0.998463934737617,0.0006676175507313
DIS3L2,GBP1,0.0021860526431519,0.9514572964289424,0.0216106990652984
DIS3L2,GBP2,0.0039685532693085,0.912000219390404,0.0400050571978662
DIS3L2,GCSH,-0.0037428698759524,0.9169859779474936,0.0376373052750044
DIS3L2,GDA,-0.0007458436824299,0.9834290403869096,0.0072569712608565
DIS3L2,GGACT,-0.0023265521945259,0.9483416366351066,0.0230351814623633
DIS3L2,GINS1,-0.0028942659290395,0.9357607678570088,0.0288351667313338
DIS3L2,GINS4,-0.0045684953411925,0.8987637241910689,0.0463544648483465
DIS3L2,GIPC1,-0.0047295127290159,0.8952158287799001,0.0480722474236395
DIS3L2,GJD3,0.0035752296446237,0.9206915784673352,0.0358858293063108
DIS3L2,GKN2,-0.0002758533815034,0.9938707821653164,0.0026700766092561
DIS3L2,GLT8D2,0.0042921565772749,0.90485730888468,0.0434199012919323
DIS3L2,GLTP,-0.0020829324894167,0.9537445202403104,0.0205679442781976
DIS3L2,GLYATL3,-0.0006072577054028,0.9865077809713576,0.0058994849484369
DIS3L2,GMEB1,0.0039127768101007,0.913232109369864,0.0394188270580685
DIS3L2,GNAT1,-0.0017700195111847,0.9606872370039492,0.0174179789825018
DIS3L2,GNPTAB,-0.0047727518243299,0.8942634414567927,0.048534523354959
DIS3L2,GOLGA7B,-0.0046527187168371,0.8969076698258583,0.0472522621387361
DIS3L2,GOLGA8M,0.0005484526771266,0.9878142204642064,0.0053247260741656
DIS3L2,GOLGB1,-0.0040096739468309,0.9110921549044468,0.0404376929037003
DIS3L2,GORASP2,0.0042544521126673,0.9056891771452223,0.0430208219825266
DIS3L2,GOSR2,-0.0041649895321856,0.9076633890317244,0.0420751816441186
DIS3L2,GPATCH1,0.0013370005239126,0.9702995898009882,0.0130941522194076
DIS3L2,GPR146,-0.0039712409667702,0.9119408636755564,0.0400333233076393
DIS3L2,GPR153,0.0016278983268223,0.9638415472706012,0.0159943569708359
DIS3L2,GPR61,0.0016875866240164,0.9625167230285104,0.0165917162029315
DIS3L2,GPRASP1,-0.0035996307001904,0.9201520969489216,0.036140379821786
DIS3L2,GPRC5C,-0.0046524261997108,0.8969141151402783,0.047249141243996
DIS3L2,GPRC6A,0.00330315667108,0.9267092351685884,0.0330565089733052
DIS3L2,GPT2,-0.0002990467881445,0.993355456639394,0.0028953182379529
DIS3L2,GRAMD2B,0.0009139858637612,0.9796940324574056,0.0089095373310375
DIS3L2,GRHL1,-0.0001875849193825,0.995832007226668,0.001813919094371
DIS3L2,GRIK2,0.0009365920200136,0.9791919051630638,0.0091321854329344
DIS3L2,GRIN2A,-0.0041996349769004,0.906898783852676,0.0424411804891409
DIS3L2,GRIP1,-0.0034386552395627,0.9237117596411256,0.0344635274015622
DIS3L2,GRK4,0.0032637832073199,0.9275804446342276,0.0326484157875743
DIS3L2,GRM3,-0.0021695677501874,0.9518229080507388,0.0214438470048974
DIS3L2,GRWD1,-0.0007128714371999,0.9841615108319158,0.0069336236142425
DIS3L2,GSC,0.0001781106652407,0.9960425161051628,0.0017221233074463
DIS3L2,GSS,0.0001555997845745,0.9965426874500004,0.0015040933238412
DIS3L2,GSTK1,0.0009273563177918,0.9793970473330262,0.0090412096182975
DIS3L2,GSTM3,-0.003482996541212,0.9227310818162358,0.0349248501117582
DIS3L2,GTF2I,-0.0034931072313817,0.9225074843142064,0.0350301017183054
DIS3L2,GTF2IRD1,-0.0016749491162,0.962797213013644,0.016465175537169
DIS3L2,GTF3A,-0.0005589733147343,0.9875804866550564,0.0054274997665887
DIS3L2,GUCD1,0.001462579988389,0.9675114144004978,0.0143439026068199
DIS3L2,GUCY2D,0.0017440742183867,0.961263035729878,0.0171577576642014
DIS3L2,GZMA,0.0029447988765569,0.9346416572630524,0.0293548662431237
DIS3L2,GZMB,0.0044345522919605,0.9017165997464966,0.0449299353022917
DIS3L2,H2AFY,-0.0002554053314194,0.9943251117764424,0.0024715922978129
DIS3L2,HACL1,0.0037736033252222,0.9163068237698112,0.0379590792163472
DIS3L2,HAS2,-0.0037517738501354,0.9167892098236036,0.0377305067877282
DIS3L2,HAUS6,-0.0034514980080911,0.9234277095861406,0.0345970975780344
DIS3L2,HAUS7,0.0031561861793696,0.929961663416644,0.0315349543598037
DIS3L2,HDAC9,-0.0008245961827023,0.981679630230594,0.008030220485738
DIS3L2,HEATR4,0.0046606219442397,0.8967335328989907,0.0473365897139021
DIS3L2,HEMGN,0.0013653440065763,0.9696702613509834,0.013375923487726
DIS3L2,HEMK1,0.0025824705034917,0.9426685570221146,0.0256409786929795
DIS3L2,HEYL,0.004685699330457,0.8961810195189697,0.0476042583759619
DIS3L2,HHLA2,-0.0009122087129268,0.9797335068238066,0.0088920388533819
DIS3L2,HIBADH,0.0029129420843848,0.9353471479107202,0.0290271736826064
DIS3L2,HIST1H1T,-0.0028201719617107,0.9374018929505228,0.02807417381865
DIS3L2,HIST1H2AE,0.0021269152692771,0.9527689265640106,0.0210124152971551
DIS3L2,HIST1H2BA,0.0012297766269169,0.9726805141969296,0.0120297843008458
DIS3L2,HIST2H2AC,0.0002643669859513,0.9941259949999396,0.0025585698626963
DIS3L2,HIST4H4,0.0030874333461498,0.9314835544396044,0.030824808270884
DIS3L2,HIVEP2,-0.002597355698734,0.9423386753643276,0.0257929842478221
DIS3L2,HJURP,-0.0031007269686192,0.93118927133456,0.0309620363744274
DIS3L2,HK1,-0.0008673995896716,0.9807288305455496,0.0084510575308024
DIS3L2,HLA-DOA,0.0015287112494282,0.9660432936373392,0.0150034100581322
DIS3L2,HMG20A,-5.1761068383843694e-05,0.9988499040092864,0.00049976778801
DIS3L2,HMGB1,0.0031561141374203,0.9299632579817,0.0315342096944714
DIS3L2,HMGN1,-0.0029102582129895,0.935406586417061,0.0289995764474905
DIS3L2,HMGN5,-0.0005348889960604,0.9881155621828674,0.0051922607935209
DIS3L2,HNF4G,0.0005128408381604,0.9886054054991188,0.0049770192322912
DIS3L2,HNMT,4.239144663296797e-05,0.999058090571086,0.000409258840082
DIS3L2,HNRNPA1,-0.0046356511983398,0.8972837464107024,0.0470701990807093
DIS3L2,HOMER1,-0.0044054549551553,0.9023582534104724,0.0446210050416426
DIS3L2,HOXA9,0.0003700562284401,0.9917777428723724,0.0035856422197153
DIS3L2,HOXB4,0.0001350398349389,0.99699951206714,0.0013050542325774
DIS3L2,HOXC11,0.0014579822707077,0.9676134883471924,0.0142980862858437
DIS3L2,HS3ST3B1,0.0026057475791139,0.9421527011363352,0.0258787024233071
DIS3L2,HS3ST6,0.0007116414639574,0.9841888346513614,0.0069215662241161
DIS3L2,HSBP1L1,-0.0048958127222079,0.8915537306507959,0.049852478375356
DIS3L2,HSD17B14,7.666565941765755e-05,0.9982965415147927,0.0007404334482969
DIS3L2,HSD17B3,0.0046452608401507,0.8970719985974054,0.0471726992761724
DIS3L2,HSD17B8,0.0031287158221286,0.9305697082267128,0.0312510886651006
DIS3L2,HSD3B7,-0.000620993884967,0.9862026167765796,0.0060338494522941
DIS3L2,HSPD1,-0.0027242333659939,0.9395272533320934,0.027090617585729
DIS3L2,HTN3,-0.0015064745842,0.9665369373086872,0.0147815442605601
DIS3L2,HTR1A,-0.002969293590881,0.9340992397166904,0.0296069814018048
DIS3L2,HTR3A,0.0027108741442718,0.9398232391691164,0.0269538203067581
DIS3L2,HYAL1,-0.0037513285685494,0.916799049940528,0.0377258454266416
DIS3L2,HYKK,0.0026078802366978,0.9421054393637964,0.0259004887450235
DIS3L2,IARS2,-0.0042370587133204,0.906072960120604,0.0428368300251704
DIS3L2,ICAM1,-0.0044148710669306,0.9021506025869204,0.0447209564571534
DIS3L2,IDE,0.0002238966406428,0.9950251982699794,0.0021659209316245
DIS3L2,IFI44,0.0002776786167687,0.9938302278583094,0.0026877980992229
DIS3L2,IFT122,-0.0009138334948558,0.9796974168986322,0.0089080370242463
DIS3L2,IFT20,-0.0007482869436005,0.9833747644787912,0.0072809408376325
DIS3L2,IGDCC3,0.0037134741107336,0.9176356282911584,0.037329732781305
DIS3L2,IGFBP2,0.0006521993840806,0.9855093601727872,0.0063392465219438
DIS3L2,IGFL1,0.0007674547869835,0.9829489624567258,0.0074690314037216
DIS3L2,IGFL2,-0.0036211127127794,0.9196771827305492,0.0363645882646838
DIS3L2,IKZF1,-0.0035261909697956,0.9217758815989558,0.0353746594416111
DIS3L2,IL17A,-0.0044619080744378,0.9011134092256584,0.04522054764312
DIS3L2,IL17C,0.004004761183953,0.9112006369644768,0.0403859853402151
DIS3L2,IL2,0.0040355640608487,0.910520485053078,0.040710278924048
DIS3L2,IL23R,0.0032443902504424,0.9280095809785353,0.0324475400045973
DIS3L2,IL32,-0.0013844928405928,0.9692450982033984,0.0135663866876324
DIS3L2,IL5RA,-0.0034191911517954,0.9241422752842812,0.0342611623142288
DIS3L2,IL6ST,-0.0009833149665633,0.978154122716994,0.0095927102717283
DIS3L2,ILF3,0.0023120410082425,0.948663394993528,0.0228878567282915
DIS3L2,IMP4,-0.0013739122295126,0.9694800193167292,0.0134611371679563
DIS3L2,IMPG2,-0.0045297297759045,0.8996181983231561,0.0459417678302393
DIS3L2,INO80D,0.0002457280340565,0.9945401296390504,0.0023776884277461
DIS3L2,INSIG2,0.0027741692192021,0.9384209527603828,0.0276023039971446
DIS3L2,INTS11,0.000991613222522,0.9779698105740352,0.0096745514531681
DIS3L2,INTS2,-0.0043909287683487,0.9026786083308218,0.0444668493248614
DIS3L2,IP6K3,0.0029557691106443,0.9343987256876392,0.0294677625125017
DIS3L2,IQGAP2,-0.0029889368053428,0.9336642771388788,0.0298092573849132
DIS3L2,IQSEC1,-0.0048476905755167,0.8926131963656787,0.0493366968519413
DIS3L2,IRF8,-0.0003632294775704,0.991929420828526,0.003519228284516
DIS3L2,IRX5,0.0009533193990266,0.9788203623861657,0.0092970046043041
DIS3L2,ISLR,0.0042486272714821,0.9058176990249062,0.0429591977690296
DIS3L2,ISY1,0.0023408542911732,0.9480245226742048,0.0231804285645242
DIS3L2,ITGA3,-0.003421064187736,0.92410084564773,0.0342806323312853
DIS3L2,ITGA4,0.0027665833970583,0.9385890047692204,0.0275245376965311
DIS3L2,ITGAX,-0.0031923268613583,0.9291617668226166,0.0319086688670442
DIS3L2,ITGB8,-0.0015906331489884,0.964668725172566,0.0156218011949721
DIS3L2,ITPKC,0.0016925236180937,0.962407147505755,0.0166411602829435
DIS3L2,ITPRIPL2,0.0003849555623075,0.9914467078793598,0.0037306249745042
DIS3L2,ITSN2,-0.0028178456081708,0.9374534242485504,0.0280503002341882
DIS3L2,IZUMO2,-0.0032674636550901,0.9274990043486886,0.0326865479189569
DIS3L2,JAG2,-0.00179642684998,0.9601012052012488,0.017682985143969
DIS3L2,JCAD,-0.0028444094813792,0.9368650207494276,0.0283229757786009
DIS3L2,JCHAIN,-0.0047173361022136,0.8954840592741834,0.0479421407260362
DIS3L2,JMJD6,0.001933872665576,0.9570513615255396,0.0190647545652975
DIS3L2,JPH4,-0.0009604752549114,0.9786614203776064,0.0093675315824036
DIS3L2,KALRN,0.0041260117729534,0.908523707972164,0.0416637352715811
DIS3L2,KANSL3,0.0022785997132198,0.9494049247625032,0.0225485198352355
DIS3L2,KARS,-0.0036600808658101,0.9188157662480384,0.0367715612177858
DIS3L2,KAT2B,0.0022069088730828,0.9509947493550692,0.0218218808884693
DIS3L2,KBTBD2,0.0008393902530504,0.9813510039113617,0.0081756289127914
DIS3L2,KBTBD3,-0.0042878909460017,0.9049514156927536,0.0433747362234499
DIS3L2,KCNE2,0.0044595516891946,0.9011653648961752,0.0451955081638349
DIS3L2,KCNIP2,0.0026318655842748,0.9415739147130852,0.0261455816568574
DIS3L2,KCNJ14,-0.0014342314112564,0.9681407896602824,0.0140614818171451
DIS3L2,KCNJ16,-0.0026973468024535,0.940122958315335,0.0268153414794379
DIS3L2,KCNK15,0.0005489065588639,0.987804136689863,0.0053291594481908
DIS3L2,KCNK18,0.0002165575968024,0.9951882638642204,0.0020947542057701
DIS3L2,KCTD20,-0.0025307831596061,0.94381411376616,0.0251135325186771
DIS3L2,KCTD5,0.0028467505917064,0.9368131655929176,0.0283470144940008
DIS3L2,KCTD8,0.0023715516663747,0.94734391138165,0.0234923317661091
DIS3L2,KDM2B,-0.0021832420341107,0.9515196310452072,0.0215822472438452
DIS3L2,KDM3B,0.0038725743359823,0.9141201584433168,0.0389967137639708
DIS3L2,KEAP1,0.0008544944974917,0.9810154908358776,0.0083241347898525
DIS3L2,KIAA0556,0.0036362933820995,0.919341592874476,0.0365230910774082
DIS3L2,KIAA0586,-0.0012571924600905,0.9720717171126488,0.0123016926896699
DIS3L2,KIAA0930,-0.0042989402620339,0.9047076524423898,0.0434917362009907
DIS3L2,KIAA1217,0.0027811037423884,0.9382673316545744,0.0276734045621768
DIS3L2,KIAA1841,-0.0046841712360846,0.8962146855714456,0.0475879439195303
DIS3L2,KIF11,0.0002118356391262,0.9952931807488512,0.0020489714890117
DIS3L2,KIF13A,0.0016989969052417,0.962263475362502,0.0167059984099378
DIS3L2,KIF22,0.0044956958406947,0.9003684732103026,0.0455797204135311
DIS3L2,KIF6,0.0038734159613686,0.9141015663315798,0.0390055468846204
DIS3L2,KIN,0.0031696333013145,0.9296640318787196,0.031673971298526
DIS3L2,KLF9,-0.0041959575269347,0.906979939000838,0.0424023187586357
DIS3L2,KLHDC10,-0.0035473820060621,0.92130730478554,0.0355954854252695
DIS3L2,KLHL26,0.0031291102887196,0.9305609765874372,0.0312551637177407
DIS3L2,KLRC2,0.0023578166161109,0.9476484353231386,0.0233527501274135
DIS3L2,KPNA2,0.0048557156925168,0.8924365006240391,0.0494226753946675
DIS3L2,KPNA7,0.0042254515333528,0.9063290831425242,0.0427140837324676
DIS3L2,KRT27,0.0001820511967465,0.9959549612243384,0.0017603006666678
DIS3L2,KRT28,0.0028606894204456,0.9365044286845668,0.0284901645260938
DIS3L2,KRT31,-0.00040945472918,0.9909023859916298,0.0039691258509567
DIS3L2,KRT36,-0.0011007617950373,0.9755456301216372,0.0107524121263869
DIS3L2,KRT75,0.004233513353569,0.9061511906870492,0.0427993345494267
DIS3L2,KRT83,-0.001095869785603,0.9756542765736188,0.0107040474719393
DIS3L2,KRTAP4-6,0.0040894079183765,0.9093317275082788,0.0412776556724379
DIS3L2,KRTAP5-3,-0.0030186290166892,0.9330068357114424,0.0301151743661645
DIS3L2,KRTAP5-7,0.0026930481524332,0.9402182033186336,0.0267713448045357
DIS3L2,KRTAP9-1,0.003207447212988,0.928827131368985,0.0320651071887955
DIS3L2,L3MBTL1,0.0025555093314139,0.943266088152297,0.0253657788264825
DIS3L2,L3MBTL2,0.0017372729501226,0.9614139782729634,0.0170895678297116
DIS3L2,LAIR2,-0.0020062563151306,0.9554454593133928,0.0197940991848831
DIS3L2,LAMA2,0.0047380640785432,0.8950274641574114,0.0481636380371469
DIS3L2,LAMA3,0.0042630223605169,0.9055000838779,0.0431115051205385
DIS3L2,LAMA4,-0.0002378494223827,0.9947151831704172,0.0023012530074991
DIS3L2,LAMTOR3,-0.0017056182610941,0.9621165181560704,0.016772329076613
DIS3L2,LANCL3,0.0008267441932861,0.9816319154595128,0.0080513299849771
DIS3L2,LAPTM4B,0.0032073975057132,0.928828231442994,0.032064592824203
DIS3L2,LARP1,-0.0048423993566055,0.892729700487885,0.0492800163144892
DIS3L2,LARS,-0.0002106914064853,0.9953186043952014,0.0020378780659719
DIS3L2,LATS1,-0.0039331234238454,0.9127827057431702,0.0396325969766318
DIS3L2,LCLAT1,-0.004252481168508,0.9057326646556364,0.042999969428613
DIS3L2,LDB3,0.0047265606352679,0.8952808573155273,0.0480407013901608
DIS3L2,LDLRAD2,0.0026886407148069,0.9403158596103088,0.0267262389067253
DIS3L2,LEPR,-0.0031069246355428,0.9310520757699716,0.031026027303254
DIS3L2,LGALS1,-0.0030030115494692,0.9333526301638464,0.0299542443556106
DIS3L2,LGALS13,0.0022370371511197,0.9503265969982384,0.0221271158705974
DIS3L2,LHX6,0.0021767944628521,0.9516626285295572,0.0215169849515096
DIS3L2,LHX8,0.0024784581957404,0.9449739203424126,0.0245801771073203
DIS3L2,LILRB1,-0.0048175968241207,0.8932758430830233,0.049014410506436
DIS3L2,LIN28A,0.0041515695147259,0.90795958413885,0.0419334827301552
DIS3L2,LIPN,0.0011878999211836,0.9736104605407886,0.0116147686617864
DIS3L2,LMBR1,0.0024291422238657,0.9460671378618688,0.0240780427014587
DIS3L2,LMO1,-0.002920009432944,0.9351906322062424,0.0290998521472353
DIS3L2,LONRF3,0.0026607427128406,0.9409340207648064,0.0264408286687893
DIS3L2,LRCH1,-0.0038353839041089,0.9149417685874072,0.0386065456995871
DIS3L2,LRCH4,-0.0024815468382464,0.9449054559219328,0.024611643369567
DIS3L2,LRIT1,0.0021663460643256,0.95189436167344,0.0214112456154377
DIS3L2,LRIT3,-0.004871510045851,0.8920887586544377,0.0495919332066827
DIS3L2,LRP4,-0.0002279983303052,0.9949340632642624,0.0022057000676941
DIS3L2,LRPAP1,0.0033030684484307,0.9267111871574474,0.033055594191122
DIS3L2,LRRC25,-0.0020859472985687,0.9536776457358642,0.0205983971362915
DIS3L2,LRRC27,0.0009728621212691,0.9783862919900508,0.0094896407579361
DIS3L2,LRRC39,0.0027189306318186,0.9396447392863696,0.027036313347575
DIS3L2,LRRC46,0.003839499110464,0.914850851066259,0.0386497035715244
DIS3L2,LRRC52,-0.0007012127167037,0.9844205097058628,0.0068193466562598
DIS3L2,LRRC6,0.0041741559877584,0.9074610822547312,0.0421719912223634
DIS3L2,LRRIQ3,0.0038071571328409,0.9155654143526905,0.0383106212393845
DIS3L2,LRRTM2,0.000921868206114,0.979518949173158,0.0089871579931478
DIS3L2,LRRTM3,0.0032632719804833,0.9275917570295272,0.0326431193403211
DIS3L2,LSM2,-3.0268763901048048e-05,0.9993274483504526,0.0002921837355372
DIS3L2,LSM4,0.0032373289554814,0.9281658417852822,0.0323744184607648
DIS3L2,LSM8,0.0027208756283163,0.9396016463139286,0.0270562309488929
DIS3L2,LTB4R,-0.0032299421389038,0.9283293090837736,0.0322979378452817
DIS3L2,LUC7L,0.0026030558295811,0.9422123532220696,0.0258512060827045
DIS3L2,LYN,-0.0033953814969852,0.9246689383214426,0.034013731040159
DIS3L2,M1AP,-0.0014885345552879,0.966935206980921,0.0146026264272541
DIS3L2,MAD2L2,-0.0048603515901745,0.8923344305994012,0.0494723494987677
DIS3L2,MAFG,0.0014863119546804,0.9669845494171851,0.01458046506536
DIS3L2,MAGEB4,-0.0028302420481727,0.9371788324437942,0.0281775291410937
DIS3L2,MAN1B1,-0.0021880497246655,0.9514130046752004,0.0216309165906193
DIS3L2,MAP1S,-0.0047394692993726,0.8949965112580902,0.048178657582762
DIS3L2,MAP6,-0.004415349442963,0.9021400532751366,0.0447260349159713
DIS3L2,MAPK12,0.0009782565282503,0.9782664760059532,0.0095428289593928
DIS3L2,MAPK4,0.0037945021270627,0.9158450324760992,0.0381780058453962
DIS3L2,MAPK7,-0.0027611857383563,0.9387085831067524,0.0274692111329101
DIS3L2,MASTL,-0.0041366081855612,0.908289812811231,0.0417755567404729
DIS3L2,MATN1,-0.0004769766421925,0.9894022084282772,0.0046271245892379
DIS3L2,MATR3,-0.0043204727594755,0.9042326414278424,0.0437198196462009
DIS3L2,MBD2,0.000892525962603,0.9801707065993112,0.0086982809627258
DIS3L2,MBD4,-0.0043585787385089,0.9033921001661798,0.0441237115045745
DIS3L2,MBTPS1,0.0009714459988591,0.9784177457784736,0.009475679005523
DIS3L2,MCM3AP,-0.0036765239142754,0.9184523103884557,0.0369433890291963
DIS3L2,MCM4,0.0002257576158548,0.9949838494518692,0.0021839686521227
DIS3L2,MCM9,-0.0036380071673349,0.9193037081625606,0.0365409880816062
DIS3L2,MCMBP,0.0032416561932547,0.9280700831477978,0.0324192268251891
DIS3L2,MCOLN1,-0.0005575233121842,0.9876127008583832,0.0054133336072141
DIS3L2,MCU,0.0004493578612682,0.9900158283440692,0.0043578618594857
DIS3L2,MDFI,0.0039121862011616,0.9132451547951118,0.0394126232510894
DIS3L2,MED10,-0.0004272333501505,0.99050738365942,0.0041422826992954
DIS3L2,MED19,-0.0047343546558915,0.8951091726406093,0.0481239924115866
DIS3L2,MED22,-0.0010509092655909,0.9766528239117136,0.0102597898686537
DIS3L2,MED6,-0.0040685638779898,0.9097918955795444,0.0410579361813324
DIS3L2,MERTK,-0.0013708384966359,0.969548265847669,0.0134305660906439
DIS3L2,METTL25,0.0014135470987744,0.968600020803185,0.0138555259618846
DIS3L2,METTL26,-0.004463462782205,0.9010791298822244,0.0452370689962778
DIS3L2,METTL27,0.001493392109998,0.966827368170507,0.0146510644319483
DIS3L2,METTL3,-0.0046410947940934,0.8971637962456072,0.0471282600645425
DIS3L2,MFSD10,-0.0019656741646474,0.9563457922845618,0.0193850485944134
DIS3L2,MFSD5,-0.0030855943788251,0.931524264698444,0.0308058279525063
DIS3L2,MGAT3,0.0017222376144188,0.961747666783044,0.0169388586260111
DIS3L2,MIA3,-0.0026573443540641,0.9410093236949144,0.026406073481147
DIS3L2,MIXL1,-0.0015247653035825,0.9661308908654486,0.0149640316282483
DIS3L2,MKX,-0.0039845870898053,0.911646132164124,0.0401737062676677
DIS3L2,MLN,0.0022473921249822,0.9500969636147876,0.0222320698543785
DIS3L2,MMACHC,-0.0005000701068371,0.988889134457393,0.0048523949470753
DIS3L2,MMGT1,-0.0038451876568712,0.9147251754722406,0.0387093679049942
DIS3L2,MMP1,-0.002899764293588,0.9356389940299442,0.0288916866714195
DIS3L2,MMP10,-0.0025701432705844,0.942941757245248,0.0255151315343231
DIS3L2,MMP24,-0.0030232211768518,0.9329051607060036,0.0301625044588355
DIS3L2,MMP9,0.0012100952195032,0.973117570131386,0.01183468596527
DIS3L2,MNAT1,-0.0047740741224037,0.8942343188175518,0.0485486668465561
DIS3L2,MOB3C,-0.0011662564514571,0.9740911061951278,0.0114004219022697
DIS3L2,MORN2,-0.001498353007066,0.9667172357614008,0.014700538229975
DIS3L2,MOV10,-0.0027209486989869,0.9396000273774892,0.0270569792402254
DIS3L2,MOXD1,-0.0022683757399169,0.9496316406678972,0.0224448236042808
DIS3L2,MPEG1,0.0026047615908994,0.9421745516657632,0.0258686303253278
DIS3L2,MPI,-0.0005078480910891,0.9887163298250669,0.0049282928951878
DIS3L2,MPP7,0.0004320687188972,0.990399952668797,0.0041893890788853
DIS3L2,MPPED1,-0.0043126145385392,0.9044059913310528,0.043636569288424
DIS3L2,MRGPRX3,0.0045285845942941,0.8996434422918553,0.0459295813687924
DIS3L2,MROH6,-0.0011290662506252,0.974917026493498,0.0110323447829094
DIS3L2,MS4A10,0.0047373392745858,0.8950434295281797,0.0481558912239331
DIS3L2,MS4A2,0.0019309536757894,0.95711612586851,0.0190353665446859
DIS3L2,MS4A4A,-0.0039099722669006,0.91329405658883,0.0393893685856108
DIS3L2,MSANTD2,-0.0027548011326788,0.938850027793424,0.0274037765343037
DIS3L2,MSANTD4,-0.0020216415916799,0.9551041449131416,0.0199492702015082
DIS3L2,MSC,-0.0042377930513211,0.9060567566098966,0.0428445966825161
DIS3L2,MSH3,0.0021242349353182,0.9528283777542476,0.0209853168920384
DIS3L2,MSMB,-0.0024936631836974,0.9446368827736222,0.0247351016638804
DIS3L2,MTAP,-0.0014389352844189,0.9680363561808876,0.0141083317492069
DIS3L2,MTCP1,0.0006370653895677,0.985845573352658,0.0061911092913583
DIS3L2,MTHFD2,-0.0028758970534831,0.936167599373282,0.0286463938183778
DIS3L2,MUC12,0.0048306552912901,0.8929882941514313,0.0491542340775901
DIS3L2,MUC4,0.002702919533566,0.939999484824712,0.0268723844192865
DIS3L2,MUC7,-0.0043262403808268,0.9041054123977482,0.0437809308589878
DIS3L2,MXRA5,-0.002898169763259,0.9356743083873044,0.0288752951558827
DIS3L2,MYADM,0.004368143577204,0.9031811359883064,0.044225141744891
DIS3L2,MYBL1,0.0021948334475404,0.9512625547584964,0.0216995983671203
DIS3L2,MYBPH,1.4495120593484293e-05,0.9996779281048463,0.0001398965764285
DIS3L2,MYPOP,0.0012328979251896,0.9726112017150238,0.0120607329017011
DIS3L2,MZT2A,0.0035304259603897,0.9216822351910678,0.0354187831652372
DIS3L2,NAAA,-0.002145619578217,0.9523540626613196,0.0212015612027439
DIS3L2,NABP2,-0.0004008910666808,0.9910926527671492,0.0038857433910257
DIS3L2,NAP1L5,-0.0042879738281909,0.9049495871632997,0.0433756137523873
DIS3L2,NAT10,0.002870216939229,0.936293405192556,0.0285880355689392
DIS3L2,NBPF3,0.0016590399618479,0.9631503238525616,0.0163059249993168
DIS3L2,NCAPG2,0.002531386257138,0.9438007465238404,0.025119683476375
DIS3L2,NCAPH,9.026454600357964e-05,0.997994384148734,0.0008719025403625
DIS3L2,NCDN,-0.0005772732327534,0.9871739254831317,0.0056063243079418
DIS3L2,NCKAP5L,-0.000996793643193,0.9778547491073344,0.0097256506786874
DIS3L2,NDC80,-0.002475204777016,0.9450460377150288,0.0245470344128655
DIS3L2,NDOR1,-0.0036305061035575,0.9194695270457626,0.0364626595256035
DIS3L2,NDST4,0.0015904254232057,0.9646733361842836,0.0156197253194858
DIS3L2,NEDD1,-0.0006442785732211,0.9856853266839836,0.0062617084831851
DIS3L2,NEU4,-0.0031760860655026,0.9295212132673624,0.0317406944344905
DIS3L2,NEURL4,0.0022715027998751,0.949562297895354,0.0224765372517155
DIS3L2,NEUROG3,-0.0023926415764029,0.9468763355867412,0.0237067372366977
DIS3L2,NFATC4,0.0016037936801179,0.9643765955116016,0.0157533380742425
DIS3L2,NIFK,-0.0046192177234408,0.8976458738395436,0.0468949610719862
DIS3L2,NKAPL,0.0043267985667096,0.9040930994020924,0.0437868455481486
DIS3L2,NKG7,-0.00063496195301,0.9858923029929438,0.0061705239740454
DIS3L2,NKIRAS2,-0.0002064000090329,0.995413954777096,0.0019962751449315
DIS3L2,NKX3-1,0.0039660665832427,0.9120551363608352,0.039978906525242
DIS3L2,NLGN1,-0.0041507751938111,0.9079771161091174,0.0419250969335103
DIS3L2,NLGN4X,0.0005907183002439,0.9868752244872092,0.0057377538574644
DIS3L2,NMNAT3,-0.0009751084941331,0.9783363974055062,0.0095117889579511
DIS3L2,NOC3L,0.0010983180024512,0.9755999041620192,0.0107282510211895
DIS3L2,NOVA2,-0.0038950020332056,0.913624730497524,0.0392321532168286
DIS3L2,NOXRED1,0.0015139021013904,0.9663720484334256,0.0148556401743928
DIS3L2,NPC2,0.0024909973801559,0.9446959729288116,0.0247079359601089
DIS3L2,NPIPA5,-0.0020441130047325,0.9546056430229796,0.0201760026887171
DIS3L2,NPLOC4,-0.000900016341137,0.9800043271202828,0.0087720067153494
DIS3L2,NPPB,0.001271263990353,0.9717592504356394,0.0124413165119448
DIS3L2,NPPC,-0.0006862879200051,0.9847520669623004,0.0066730989479861
DIS3L2,NPY1R,-0.0026063938367846,0.9421383794144323,0.0258853042109588
DIS3L2,NR3C2,-0.0022045069805129,0.9510480174161884,0.02179755543647
DIS3L2,NRN1,0.0042592933981863,0.905582358749828,0.0430720463724868
DIS3L2,NRSN1,0.002292938829211,0.9490869627421508,0.0226939923053512
DIS3L2,NSDHL,-0.0034665467797811,0.923094880638009,0.0347536575658968
DIS3L2,NSFL1C,0.0019679348116117,0.9562956373583346,0.0194078254802093
DIS3L2,NSMCE1,0.0025399996932346,0.9436098373578572,0.0252075401391723
DIS3L2,NSMCE4A,-0.001343390459694,0.9701577083496558,0.0131576613021033
DIS3L2,NTPCR,0.0005340134332168,0.9881350144543922,0.0051837112560444
DIS3L2,NUCKS1,0.001949606806503,0.9567022691624396,0.0192231959510845
DIS3L2,NUDT1,-0.0001943591501516,0.9956814904655168,0.0018795662506691
DIS3L2,NUDT16,-0.0018010195523471,0.9599992861136194,0.0177290899156722
DIS3L2,NUDT3,-0.0037682631368696,0.9164248280045172,0.0379031533114332
DIS3L2,NUDT9,-0.0016969654918743,0.96230856167718,0.0166856502626087
DIS3L2,NUP155,0.0036651481264458,0.918703758106192,0.0368245070693511
DIS3L2,NUP43,-0.0044865676116858,0.9005697192967389,0.0454826598197014
DIS3L2,NUPL2,-0.0020282237125436,0.954958126473194,0.0200156711809933
DIS3L2,NVL,3.579904183800211e-05,0.9992045693182536,0.0003455886199435
DIS3L2,NWD2,0.0012524680964871,0.9721766253707989,0.0122548251402224
DIS3L2,ODAPH,0.0047744892806318,0.8942251752933067,0.0485531075198147
DIS3L2,ODF1,-0.0031405837350633,0.9303070119791818,0.0313737056340147
DIS3L2,ODF3B,0.0006482974594561,0.9855960441478294,0.0063010482886358
DIS3L2,ODF3L2,-0.0025543437832885,0.9432919205131935,0.0253538853657554
DIS3L2,OFD1,0.0034561467648214,0.9233248930653404,0.0346454555959021
DIS3L2,OLFM3,0.0014828394380609,0.9670616406366074,0.0145458430471391
DIS3L2,OLFML2A,0.0014588108568016,0.9675950928651844,0.0143063428184013
DIS3L2,OLIG2,0.0026878751003508,0.9403328235420984,0.0267184040122723
DIS3L2,ONECUT2,-0.0040397783307918,0.9104274357137032,0.0407546632957365
DIS3L2,OPRPN,-0.0010599660761608,0.9764516743608794,0.0103492455432996
DIS3L2,OPTC,0.0009013490574214,0.979974724349179,0.0087851255495847
DIS3L2,OPTN,0.0043334415581369,0.90394656374021,0.0438572418240646
DIS3L2,OR10A3,-0.0038320294669638,0.9150158792067488,0.0385713691116623
DIS3L2,OR10A5,0.0010042740774668,0.9776886032309984,0.009799447291144
DIS3L2,OR10A7,-8.750300233674434e-05,0.9980557436180196,0.0008452017290342
DIS3L2,OR10G9,0.0017571684208701,0.9609724361574612,0.0172890691435193
DIS3L2,OR13C3,0.0040429780747863,0.910356787507002,0.040788365396129
DIS3L2,OR13C9,-0.0037940145365735,0.9158558062184508,0.0381728969577941
DIS3L2,OR1J1,-0.0001282098552968,0.997151268637945,0.0012389538734089
DIS3L2,OR1L1,-0.0013413725188543,0.9702025143908116,0.0131376041846616
DIS3L2,OR2T2,-0.0004997486627878,0.988896276038866,0.0048492585608835
DIS3L2,OR4A16,-0.0047739801141696,0.894236389274837,0.0485476613079472
DIS3L2,OR4A47,-0.0026330117751142,0.9415485153256432,0.0261572971073608
DIS3L2,OR4C15,-0.0017237835591717,0.9617133563649478,0.0169543523896728
DIS3L2,OR4D1,0.0032594572227803,0.927676170209158,0.0326035992498797
DIS3L2,OR4L1,-0.0005145191150523,0.9885681191146096,0.0049933994547075
DIS3L2,OR52A5,-0.0040842648108381,0.9094452676448368,0.0412234325818918
DIS3L2,OR52E2,0.0036699049306891,0.918598613844127,0.0368742142635132
DIS3L2,OR52E8,0.0046738376223123,0.8964423544026277,0.0474776324484452
DIS3L2,OR52J3,-0.0015747802884083,0.9650206238464376,0.0154634050738313
DIS3L2,OR52N5,0.0036889358390353,0.9181779694319824,0.0370731318149398
DIS3L2,OR56A1,-0.0002418114331061,0.994627151896459,0.0023396893247342
DIS3L2,OR5A1,-0.0002287730983854,0.9949168487821826,0.0022132143538459
DIS3L2,OR5AN1,0.0030493202301822,0.93232732243739,0.030431588320271
DIS3L2,OR5D18,-0.0005241195695285,0.9883548256880488,0.0050871129287552
DIS3L2,OR5H6,0.0017199347458602,0.9617987763621964,0.0169157797881878
DIS3L2,OR5K1,-0.0002997407701707,0.9933400373569105,0.0029020595924463
DIS3L2,OR5P3,-0.0043579948848798,0.9034049779903456,0.0441175206953887
DIS3L2,OR5V1,0.0005487795797593,0.9878069577519216,0.0053279191517696
DIS3L2,OR6C3,0.0015653122679729,0.9652307963451522,0.0153688300813247
DIS3L2,OR6F1,-0.0016130559510811,0.9641709999757068,0.015845935225892
DIS3L2,OR6M1,0.0016496273822824,0.9633592436920456,0.0162117310899459
DIS3L2,OR6N1,-0.0027776823067876,0.9383431267339812,0.0276383228172013
DIS3L2,OR7A5,-0.0024394592722668,0.9458384250427696,0.0241830465850634
DIS3L2,OSGEP,-0.0043377552951761,0.9038514101176216,0.0439029600888918
DIS3L2,OSGIN2,-0.0016450179705964,0.9634615542405748,0.0161656106549203
DIS3L2,OTOL1,-0.0042072743751393,0.9067301982580552,0.0425219200388562
DIS3L2,OTUD5,0.0019196590834358,0.9573667244196356,0.0189216715397586
DIS3L2,OTUD7B,0.0031627825927975,0.9298156606403806,0.0316031433837087
DIS3L2,OTX2,0.0013667927757867,0.969638093905858,0.013390330834426
DIS3L2,PADI4,0.0045687426024614,0.898758274410458,0.0463570982621781
DIS3L2,PAIP1,-0.000370528347601,0.9917672532564014,0.003590235594045
DIS3L2,PAK6,-0.0038727526126179,0.9141162201799538,0.0389985848196689
DIS3L2,PALB2,-0.0015531747600055,0.9655002300418644,0.0152476184087704
DIS3L2,PAPLN,-0.0047768481505072,0.8941732233582013,0.0485783395249025
DIS3L2,PAQR7,0.0003605049848525,0.99198995417035,0.0034927259007348
DIS3L2,PARP16,0.0036919572282008,0.9181111890927384,0.0371047197952005
DIS3L2,PAX8,0.0016941226948955,0.9623716564915664,0.0166571762028913
DIS3L2,PBK,-0.0044480589708622,0.9014187725897492,0.045073401726274
DIS3L2,PBLD,0.0018295153983938,0.9593669343689089,0.018015254046681
DIS3L2,PCDH11X,-0.0029791503664649,0.933880977227136,0.0297084709083761
DIS3L2,PCDHA11,0.004712514882936,0.8955902658782711,0.0478906353903801
DIS3L2,PCDHB7,-0.0007262057177026,0.983865291379274,0.0070643601210236
DIS3L2,PCDHGB6,-0.0029901938433606,0.9336364430332924,0.0298222046283166
DIS3L2,PCK1,0.0019364820833763,0.9569934659717552,0.0190910274291111
DIS3L2,PCNT,-0.0046679309208829,0.8965724939024022,0.0474145890589468
DIS3L2,PCSK1,-0.0009249402490703,0.979450712950006,0.0090174133010944
DIS3L2,PCYOX1,0.0046044909296714,0.8979704109876937,0.0467379735292246
DIS3L2,PDE4C,0.0019444575077457,0.9568165154104604,0.0191713370244279
DIS3L2,PDE5A,-0.0030589131307891,0.932114942625914,0.030530529845379
DIS3L2,PDGFA,-0.0009626077176786,0.9786140554288608,0.0093885509392944
DIS3L2,PDHB,0.0017691729335346,0.9607060246120817,0.0174094858179808
DIS3L2,PDK4,-0.0014367210159668,0.9680855164007128,0.0140862773398165
DIS3L2,PDLIM1,-0.00118618197675,0.9736486113097133,0.0115977512359431
DIS3L2,PDRG1,0.0008373684739345,0.9813959142758008,0.0081557543958286
DIS3L2,PDZK1,-0.0033352396221036,0.9259994063460636,0.03338929174216
DIS3L2,PFN4,0.001454916406056,0.9676815539137212,0.0142675374554921
DIS3L2,PGAM5,0.0030666438440514,0.9319437937910828,0.0306102794726929
DIS3L2,PGBD1,-0.0049086976730234,0.8912700859993435,0.0499906696052869
DIS3L2,PHF3,-0.0046530383232711,0.8969006276341209,0.0472556720739186
DIS3L2,PHRF1,0.0026123193092568,0.9420070658380824,0.0259458396243408
DIS3L2,PIAS3,0.0008965241179336,0.98008189776224,0.0087376322053411
DIS3L2,PICALM,-0.0006191697570066,0.9862431416515912,0.0060160038618392
DIS3L2,PIGM,0.000187981527295,0.9958231949838596,0.0018177622379239
DIS3L2,PIGN,-0.0035020826787463,0.9223089977814304,0.0351235544894466
DIS3L2,PIRT,-0.00285189716896,0.9366991708086184,0.0283998642189651
DIS3L2,PKD1L1,0.0001292090892833,0.9971290664681084,0.0012486238076473
DIS3L2,PKDCC,0.0029094111486996,0.9354253460478474,0.028990866734991
DIS3L2,PKNOX2,0.0022881397026932,0.9491933798380534,0.0226452994368192
DIS3L2,PKP3,-0.0027281835831738,0.9394397342347588,0.0271310749873892
DIS3L2,PLA2G2A,0.0037893265944513,0.9159593912255074,0.0381237802160144
DIS3L2,PLAG1,0.0003941212013199,0.9912430654581976,0.0038198379026108
DIS3L2,PLAUR,-0.002856046935091,0.9366072559653016,0.0284424820296115
DIS3L2,PLCG1,-0.0026981506094407,0.940105148493372,0.0268235688933081
DIS3L2,PLIN5,0.0007076223306212,0.9842781197092426,0.0068821690598458
DIS3L2,PLN,0.001495514000378,0.966780261915276,0.014672224864288
DIS3L2,PLP2,0.0002318391108328,0.9948487254306012,0.002242952124039
DIS3L2,PNMA8B,0.0015638287462405,0.9652637279958162,0.0153540131170864
DIS3L2,PNMT,-0.0031921991767967,0.9291645927216696,0.0319073480308425
DIS3L2,PNN,0.0031060551964184,0.931071322113702,0.0310170498306668
DIS3L2,PNO1,0.0003644437851812,0.991902441106186,0.0035310409232391
DIS3L2,PNPLA7,0.0020843173736549,0.9537138006941508,0.0205819328715403
DIS3L2,PNPLA8,-0.0034261085901659,0.9239892696549088,0.0343330722395481
DIS3L2,POLE,0.0032622056012278,0.927615353849654,0.0326320715508727
DIS3L2,POMGNT2,-0.0008358694508638,0.981429212546973,0.0081410192518458
DIS3L2,PP2D1,0.0008876141128848,0.980279811165614,0.0086499415522533
DIS3L2,PPFIA3,-0.0043251726986026,0.9041289644129006,0.0437696176018679
DIS3L2,PPIB,-0.0038820216535954,0.9139114630781772,0.0390958753373326
DIS3L2,PPIE,-0.0010140093761182,0.97747237662756,0.0098955069221045
DIS3L2,PPM1N,-0.0034347674727927,0.9237977492757647,0.0344231001954542
DIS3L2,PPP1R18,0.0009698945043236,0.9784522063836768,0.0094603830982321
DIS3L2,PPP1R3E,-0.0006955711498774,0.9845458378956292,0.0067640594327049
DIS3L2,PPP2R5A,-0.0010891706125036,0.975803058985895,0.010637824778157
DIS3L2,PPP2R5D,0.0005521540149452,0.9877319888464444,0.0053608808729593
DIS3L2,PRAMEF1,2.6312437811935585e-05,0.9994153552479756,0.0002539822416067
DIS3L2,PRAMEF18,-0.0013514350611129,0.969979088220298,0.0132376285878053
DIS3L2,PRB1,0.0008770823443388,0.9805137495367976,0.0085463119338899
DIS3L2,PRB2,-0.0010811569911365,0.9759810351766016,0.0105586212658633
DIS3L2,PRIM1,0.002082297878184,0.9537585972297508,0.020561534266303
DIS3L2,PRKAB2,-0.001678077945683,0.9627277680903168,0.0164965015883043
DIS3L2,PRKAG3,-0.0002316381597219,0.9948531903373496,0.0022410030035727
DIS3L2,PRKN,-0.0025369326025883,0.9436778163296964,0.0251762540844891
DIS3L2,PROKR2,-0.0035592120791577,0.9210457297112988,0.035718806645451
DIS3L2,PROM2,0.0047795685151957,0.8941133103955823,0.0486074398604231
DIS3L2,PROS1,-0.0046029413351965,0.8980045606865233,0.0467214576801776
DIS3L2,PRPF40A,-0.0032097791314626,0.9287755237256322,0.0320892381994575
DIS3L2,PRPF4B,-0.0047217400386892,0.8953870466237224,0.0479891927541498
DIS3L2,PRR3,-0.0048968916773116,0.8915299783911946,0.0498640487522551
DIS3L2,PRR5L,-0.0044134554959456,0.9021818193431604,0.0447059289990037
DIS3L2,PRSS53,-0.0015813854106249,0.964874003815358,0.0155293944492555
DIS3L2,PRSS54,-0.0046917618166326,0.8960474563234309,0.0476689886932146
DIS3L2,PRSS58,0.0002196460190578,0.9951196424465582,0.0021247012335124
DIS3L2,PSMD14,0.0038038108556881,0.9156393508596382,0.0382755511941268
DIS3L2,PTCHD4,0.0032593237789715,0.9276791230762022,0.0326022168581968
DIS3L2,PTGER1,-0.0004783166795887,0.9893724363206085,0.0046401931436693
DIS3L2,PTHLH,-0.0011369542700202,0.974741847018515,0.0111103886710646
DIS3L2,PTPN22,-0.0044091132684592,0.9022775768793084,0.0446598354491286
DIS3L2,PTPN23,-0.0048180705010912,0.893265412417322,0.0490194817361574
DIS3L2,PTPN3,0.0019494439433459,0.9567058825543976,0.0192215556568411
DIS3L2,PUF60,-0.0039902181811807,0.91152178058042,0.0402329495291631
DIS3L2,PURA,-0.001203733652197,0.9732588402509136,0.0117716428322468
DIS3L2,PUS7,-0.001726720820487,0.961648167513858,0.016983791637541
DIS3L2,PVALB,-0.0032949881362992,0.9268899716755304,0.0329718165893182
DIS3L2,RAB13,-0.0036024984607786,0.9200886962005472,0.0361703048134293
DIS3L2,RAB19,0.0016882391019478,0.9625022413804492,0.0165982504760565
DIS3L2,RAB32,0.0018555110410921,0.9587900869198348,0.0182764648535176
DIS3L2,RABGAP1L,0.0024058497514266,0.946583511814106,0.0238410646160862
DIS3L2,RADIL,-0.0022845325748639,0.9492733658364694,0.0226087041392284
DIS3L2,RAI1,-0.0040435418157321,0.9103443405573522,0.04079430337405
DIS3L2,RALGPS1,-0.0023596114906639,0.947608640183616,0.0233709880854479
DIS3L2,RAN,-0.0048642823305818,0.892247887639401,0.0495144715456142
DIS3L2,RARG,-0.0013761211626138,0.9694309741967012,0.0134831082899607
DIS3L2,RASGRF2,0.0043246663462481,0.9041401340750717,0.0437642523355481
DIS3L2,RAX,-0.0048490070088832,0.8925842109814723,0.0493507997095479
DIS3L2,RBM19,-0.0019378608391229,0.9569628753975076,0.019104910000315
DIS3L2,RBM38,-0.0031504982227575,0.9300875606072756,0.0314761640282837
DIS3L2,RBMX2,0.0027897247910339,0.938076351999137,0.0277618120447944
DIS3L2,RBMXL2,0.0021941876028314,0.95127687827649,0.0216930590810291
DIS3L2,RCOR1,-0.0044458303473505,0.9014679135916076,0.0450497267320427
DIS3L2,REEP6,0.0045980384192494,0.8981126115538746,0.0466692050808068
DIS3L2,REG1B,-0.0030413965455411,0.9325027506537484,0.0303498784554863
DIS3L2,RELA,0.0002159165375238,0.9952025075157306,0.0020885384019772
DIS3L2,RELT,-0.001322556973486,0.970620296301533,0.0129506315457703
DIS3L2,REST,0.0047202238310804,0.8954204464113275,0.0479729929744284
DIS3L2,REX1BD,-0.0026021424788585,0.9422325941370796,0.0258418765263169
DIS3L2,RFK,-0.0034503631687418,0.9234528090142332,0.0345852933026517
DIS3L2,RFT1,-0.0020258814730226,0.9550100867807252,0.0199920413899971
DIS3L2,RGMA,-0.0002128148968116,0.995271422676362,0.0020584656906096
DIS3L2,RGMB,-0.0008684695971397,0.9807050626239588,0.0084615827666819
DIS3L2,RGPD2,-0.0022032382255687,0.9510761553639252,0.0217847064799088
DIS3L2,RGS3,-0.0036400725528406,0.9192580512640716,0.0365625577014213
DIS3L2,RGS7,0.0032594396028524,0.9276765601058248,0.0326034167185818
DIS3L2,RHO,0.0023612869283249,0.947571493262079,0.0233880130666205
DIS3L2,RHOD,0.0004432070733391,0.9901524842123745,0.0042979185816921
DIS3L2,RHOF,-0.0020021465423507,0.955536633878838,0.0197526580737038
DIS3L2,RILP,-0.0047563761474847,0.8946241154321852,0.0483593991904487
DIS3L2,RIMS1,0.0027861914693098,0.9381546242479116,0.0277255764147691
DIS3L2,RIN3,-0.0039659027213992,0.912058755166106,0.0399771833574427
DIS3L2,RIPK3,-0.0019943474287308,0.9557096573988038,0.0196740254448179
DIS3L2,RNASE3,0.0040958930907112,0.9091885623508738,0.0413460363645171
DIS3L2,RNASE9,0.0041873343403115,0.907170242055333,0.042311204398179
DIS3L2,RNF111,0.0003305787818284,0.9926548636816444,0.0032017251736257
DIS3L2,RNF114,0.0005186739452833,0.9884758110943552,0.005033953802791
DIS3L2,RNF182,-0.0047532153082938,0.8946937353620171,0.0483256035723495
DIS3L2,RNF19B,-0.0042454368486866,0.905888094972381,0.0429254477289808
DIS3L2,RNF214,-0.0044989945902053,0.9002957486893338,0.0456148006442469
DIS3L2,RNF220,0.0015720809743402,0.9650805433673278,0.0154364399408826
DIS3L2,ROBO2,0.0004318167507411,0.9904055508288052,0.0041869342694695
DIS3L2,ROPN1,0.0038999553657391,0.9135153158659756,0.0392841669317842
DIS3L2,RPA4,-0.0044803480930559,0.900706841968107,0.0454165382469072
DIS3L2,RPAP3,-0.0043408916020983,0.9037822294442408,0.0439362022061668
DIS3L2,RPE,0.0009269854847146,0.979405284255722,0.0090375571312476
DIS3L2,RPL10A,0.0030380323570764,0.9325772338586864,0.0303151907796924
DIS3L2,RPLP1,-0.0042770863678821,0.90518978832969,0.0432603540733431
DIS3L2,RPS3,-0.0033668134124048,0.9253008999941326,0.0337170154157038
DIS3L2,RPS6KA2,-0.0038547527364636,0.914513861424989,0.0388097074704935
DIS3L2,RPUSD1,0.0037466733417524,0.9169019248774932,0.0376771155430775
DIS3L2,RRAGA,0.0014613975800313,0.9675376650019952,0.0143321194520679
DIS3L2,RSBN1L,0.0039607222215641,0.9121731648016932,0.0399227084050713
DIS3L2,RSPO1,0.0016650286673067,0.9630174009900164,0.0163658654344817
DIS3L2,RSPO2,-0.0001504036869823,0.9966581402239766,0.0014537817827078
DIS3L2,RTCB,0.0044962896141912,0.9003553827661044,0.0455860346606181
DIS3L2,RTP2,-3.872355144927477e-05,0.9991395887017792,0.0003738327270079
DIS3L2,RUBCN,0.0008926409634647,0.9801681521446524,0.0086994127931312
DIS3L2,RUFY2,0.002040331653459,0.9546895266221967,0.0201378418167211
DIS3L2,RUNX3,0.0021098650390238,0.9531471139282252,0.0208400628072551
DIS3L2,S100A10,0.0004133538605703,0.990815755569478,0.0040070960481713
DIS3L2,S100A14,-0.0026836281643382,0.9404269245713464,0.0266749454495091
DIS3L2,S100P,-0.0026905294196919,0.940274011168076,0.0267455674672193
DIS3L2,SAMD3,-0.0009897074174686,0.9780121402101052,0.009655754216965
DIS3L2,SAMHD1,-0.0043769691289988,0.9029864837355838,0.0443187503321024
DIS3L2,SAP18,0.0009778443514791,0.9782756309089228,0.0095387647239971
DIS3L2,SAYSD1,0.0016520061949547,0.9633064437772928,0.0162355346089238
DIS3L2,SBK1,-0.0028682032217689,0.9363380063272428,0.0285673480737219
DIS3L2,SBNO2,0.002702393420309,0.9400111417118576,0.0268669987882777
DIS3L2,SCD,-0.0003481977410692,0.9922633996225813,0.0033730276257839
DIS3L2,SCG2,0.0031787223771223,0.9294628646048452,0.0317679571770471
DIS3L2,SCN4A,-0.0023365562604081,0.9481198201172346,0.0231367745528035
DIS3L2,SCNM1,0.0016294446270582,0.9638072247632726,0.0160098225221913
DIS3L2,SCUBE3,0.0002921559521424,0.9935085612378984,0.0028283861461562
DIS3L2,SDCBP,-0.0036355170027306,0.9193587554752471,0.0365149835869006
DIS3L2,SEC61A1,0.0014227044656705,0.9683967085212912,0.0139466953491294
DIS3L2,SELENOM,-0.0032540724220145,0.9277953267752332,0.0325478193154703
DIS3L2,SEMA3E,0.0021959468306135,0.9512378622303662,0.021710871771968
DIS3L2,SEPT10,0.0022823977578546,0.9493207044241304,0.022587047179767
DIS3L2,SEPT5,0.0027454376735705,0.939057469542337,0.0273078284566017
DIS3L2,SERINC3,-0.0002777761141051,0.9938280615972418,0.0026887447360095
DIS3L2,SERPINB9,-0.0028846093724617,0.9359746379618316,0.0287359191491339
DIS3L2,SERPINE1,0.000414156260702,0.9907979279553212,0.004014910320467
DIS3L2,SERTAD2,0.0033737680440936,0.92514705051671,0.0337892314207244
DIS3L2,SEZ6L2,-0.0036934797008252,0.91807753881706,0.0371206376895009
DIS3L2,SF3A1,0.0029563746663199,0.9343853160696254,0.029473995146105
DIS3L2,SFMBT1,-0.0001904807662688,0.9957676643316908,0.0018419807220636
DIS3L2,SFMBT2,-0.0001421007327185,0.9968426247978296,0.0013733999398159
DIS3L2,SFTA3,4.0205256185174696e-05,0.9991066662314508,0.0003881433227719
DIS3L2,SFXN5,0.0025559435515181,0.9432564644289612,0.0253702097620516
DIS3L2,SGSM3,0.0019242813829976,0.9572641667270292,0.0189681977294532
DIS3L2,SH3BGRL2,0.002782838239179,0.9382289075519676,0.0276911902367631
DIS3L2,SHOC2,0.0026652974806053,0.9408330942376412,0.0264874144907202
DIS3L2,SHROOM4,-0.0025880066417,0.9425458654800024,0.0256975072863901
DIS3L2,SIRPB2,0.0036510797799838,0.919014732722076,0.0366775263847104
DIS3L2,SIRT2,-5.67091101774711e-05,0.998739961948758,0.0005475726263089
DIS3L2,SIRT5,-0.0014776513095972,0.9671768196783852,0.0144941207560562
DIS3L2,SIVA1,-0.0048374699163359,0.8928382409058371,0.0492272168622305
DIS3L2,SKAP2,-0.0011646364292339,0.9741270830913444,0.0113843820484274
DIS3L2,SKIDA1,0.0026187264377665,0.941865080119255,0.0260113043794144
DIS3L2,SLAMF9,0.0004897367054103,0.989118713976264,0.0047515812736307
DIS3L2,SLC16A4,0.0017544859206691,0.9610319684512112,0.0172621654105031
DIS3L2,SLC16A8,-0.002105344056934,0.953247394595966,0.0207943730609967
DIS3L2,SLC19A1,-0.0033612095582657,0.9254248697712614,0.0336588334947624
DIS3L2,SLC1A4,0.001939424392631,0.9569281847757292,0.0191206537862884
DIS3L2,SLC22A17,0.0029098761107049,0.9354150486956816,0.0289956475631541
DIS3L2,SLC22A23,-0.0028010882771349,0.9378246253344936,0.0278783677728202
DIS3L2,SLC22A6,0.0046326438903659,0.8973500137410382,0.0470381262014986
DIS3L2,SLC22A7,0.0017830392324472,0.9603983006112428,0.0175486170821206
DIS3L2,SLC25A2,0.002025138772758,0.9550265629041816,0.0199845488746031
DIS3L2,SLC25A29,-0.00209789784606,0.9534125618674276,0.0207191302422411
DIS3L2,SLC25A47,0.0019920318632195,0.9557610286757952,0.019650681888159
DIS3L2,SLC25A6,-0.0045348665744067,0.8995049658445897,0.0459964347276012
DIS3L2,SLC26A6,-0.0040598807883935,0.9099835986503,0.0409664352391943
DIS3L2,SLC27A4,-0.0036621698233541,0.9187695911531608,0.0367933872394508
DIS3L2,SLC35F3,-0.0016159723534609,0.9641062647979032,0.0158750950682335
DIS3L2,SLC35F5,0.0022081738677517,0.950966694976948,0.0218346927797392
DIS3L2,SLC35F6,5.042432754693445e-05,0.9988796054683798,0.0004868539478445
DIS3L2,SLC38A8,0.0019100284016762,0.9575804083091636,0.0188247479924786
DIS3L2,SLC38A9,0.0028975778742071,0.9356874170954796,0.0288692107740682
DIS3L2,SLC39A3,0.0041303102624315,0.9084288262373378,0.0417090932136627
DIS3L2,SLC45A4,0.0002595893176683,0.9942321487803756,0.0025121979339122
DIS3L2,SLC48A1,0.0006594207273107,0.9853489334510696,0.0064099491598464
DIS3L2,SLC5A11,-0.0041039081522175,0.9090116277830071,0.0414305613878252
DIS3L2,SLC5A3,0.0039965123180669,0.9113827894997344,0.0402991768681947
DIS3L2,SLC6A13,-0.0015143377840792,0.9663623764399134,0.0148599868589216
DIS3L2,SLC6A5,-0.0002653363624726,0.9941044566854086,0.0025679792057055
DIS3L2,SLC6A9,0.0019088528195538,0.9576064921292046,0.0188129182759023
DIS3L2,SLC7A8,-0.0029140482507282,0.9353226502412444,0.029038548434777
DIS3L2,SLC9A2,-0.0026404896570969,0.941382808233254,0.0262337371507359
DIS3L2,SLC9A3,-0.0015826778460092,0.9648453145655428,0.0155423078121129
DIS3L2,SLFN12L,0.0040289934331963,0.9106655642404046,0.0406410854546024
DIS3L2,SLIT2,0.0013127911112727,0.970837141485539,0.0128536171426732
DIS3L2,SLITRK6,0.0037884104497975,0.9159796345706954,0.0381141821093231
DIS3L2,SMAD1,-0.0029015041795378,0.9356004605990303,0.0289095730583013
DIS3L2,SMCO1,0.0017196146778652,0.961805879923987,0.0169125722292151
DIS3L2,SMCO4,0.0002376288971982,0.994720082985639,0.0022991137444134
DIS3L2,SMG6,0.0031119437867956,0.9309409700890132,0.0310778562661096
DIS3L2,SMIM9,0.0034902195345642,0.9225713449891264,0.0350000386789393
DIS3L2,SMPD3,-0.0031628083408826,0.9298150907456144,0.0316034095678982
DIS3L2,SNF8,0.0011119489748318,0.9752971761749548,0.0108630332161911
DIS3L2,SNRPD2,-0.0015904085414256,0.9646737109191664,0.0156195566144391
DIS3L2,SNRPD3,-0.0042491541364484,0.9058060739412654,0.0429647714535355
DIS3L2,SNX10,-0.0037307991611224,0.9172527356901102,0.0375109842944485
DIS3L2,SNX8,-0.0014638496198478,0.967483227401475,0.0143565553117664
DIS3L2,SOBP,0.0013689859675995,0.969589397922504,0.0134121419906261
DIS3L2,SOGA1,-0.0047272602588126,0.8952654459885205,0.0480481773814442
DIS3L2,SOX1,-0.0032523762040859,0.9278328615542368,0.0325302499041997
DIS3L2,SOX13,0.0030774626986831,0.9317042824387288,0.030721908337155
DIS3L2,SP2,-0.0022763916985268,0.9494538869911134,0.0225261231982868
DIS3L2,SPACA7,-0.0039206041889829,0.9130592197014752,0.0395010538397308
DIS3L2,SPAG4,0.0036845265788258,0.9182754262638256,0.0370270375721649
DIS3L2,SPAG5,-0.0031622230907726,0.929828044376893,0.031597359277411
DIS3L2,SPANXN1,-0.0036589113830417,0.9188416170496472,0.0367593425522236
DIS3L2,SPATA19,-0.0005156470167825,0.9885430604640952,0.0050044082778382
DIS3L2,SPATA33,-0.003505588789382,0.9222314635985606,0.0351600651201473
DIS3L2,SPATS2L,0.0005548014996896,0.9876731704761648,0.0053867434090917
DIS3L2,SPEF2,-0.0028558296279547,0.93661206916778,0.0284402502063022
DIS3L2,SPINDOC,-0.004875938696428,0.8919912574163693,0.0496394022095666
DIS3L2,SPINT3,-0.0029053073593243,0.935516231714248,0.0289486728536832
DIS3L2,SPOUT1,-9.948118168963528e-05,0.9977895973699308,0.0009610281863609
DIS3L2,SPSB1,0.0035678263948629,0.9208552637000178,0.0358086250865944
DIS3L2,SPTAN1,0.0001966847069784,0.9956298189096432,0.0019021048376662
DIS3L2,SPTY2D1,0.0045415954929934,0.8993566407232818,0.046068054224757
DIS3L2,SRD5A3,-0.0018669207101982,0.9585369113289816,0.0183911586567131
DIS3L2,SREBF1,-0.0047630009128183,0.8944782024767753,0.0484302382820746
DIS3L2,SRP72,-0.0006052662594809,0.986552023276797,0.0058800084084143
DIS3L2,SRRM5,0.0048690354386674,0.8921432403527649,0.0495654107578433
DIS3L2,SSUH2,0.000170383015159,0.9962142173138128,0.001647264594323
DIS3L2,ST13,-0.0034004841781991,0.9245560656294496,0.0340667478307024
DIS3L2,ST6GALNAC5,-0.0047608018103337,0.8945266381436306,0.0484067220317324
DIS3L2,ST8SIA3,-0.0040891633398966,0.9093371268235012,0.0412750769811038
DIS3L2,STAMBP,-0.0019526995700949,0.956633651190059,0.0192543461599527
DIS3L2,STAP1,0.0009511846059383,0.9788677794208078,0.0092759665686154
DIS3L2,STKLD1,0.0024530594857003,0.945536936403003,0.0243215012317561
DIS3L2,STMND1,0.0016329668490368,0.9637290438897748,0.0160450524916826
DIS3L2,STN1,0.0020870476288617,0.9536532382875056,0.0206095121664406
DIS3L2,STON1,-0.002088881350949,0.9536125628908868,0.02062803617111
DIS3L2,STT3A,0.0041538045861025,0.9079102526741392,0.041957079556843
DIS3L2,SUCNR1,-0.0030699607079815,0.9318703633147084,0.0306445001063198
DIS3L2,SULT2A1,0.0029358830097827,0.9348391001474498,0.0292631312999703
DIS3L2,SUMF1,0.0039293455168692,0.9128661477540668,0.0395928977706786
DIS3L2,SUN1,-0.0038727665188876,0.9141159129802118,0.0389987307695735
DIS3L2,SUPT6H,0.0023273285426319,0.9483244228073924,0.0230430646322568
DIS3L2,SURF1,-0.0008779161430223,0.9804952286065376,0.008554515402514
DIS3L2,SURF2,-0.0047576279294557,0.8945965441892505,0.0483727838320828
DIS3L2,SUV39H1,-0.0013307236551666,0.970438961637418,0.0130317755334254
DIS3L2,SYCE3,-0.0038498755247376,0.9146216092111524,0.0387585420212707
DIS3L2,SYNE4,0.0004525020441754,0.9899459721960044,0.0043885070362117
DIS3L2,SYNJ2,-0.0016909880601583,0.9624412288083598,0.016625781075063
DIS3L2,SYT15,-0.002265145610864,0.9497032694045316,0.0224120669114872
DIS3L2,SYTL5,-0.0005388221796961,0.9880281792151148,0.0052306688707645
DIS3L2,SYVN1,0.0042192325486485,0.906466314719239,0.0426483301270754
DIS3L2,TAAR8,-0.001798194971873,0.9600619677958956,0.0177007342487025
DIS3L2,TAC4,-0.0046951396928235,0.8959730392949785,0.0477050584869631
DIS3L2,TAGLN3,0.0026818171491947,0.9404670521977194,0.026656414679648
DIS3L2,TALDO1,-0.0030321061929071,0.932708440693562,0.0302540930022894
DIS3L2,TANC1,0.0008354011248328,0.98143961562709,0.0081364157855063
DIS3L2,TARSL2,-0.0011636611658359,0.9741487414307192,0.0113747262315664
DIS3L2,TAS2R30,-0.0028156185458015,0.937502756382555,0.0280274467149381
DIS3L2,TAS2R38,0.0030423913593461,0.9324807255676956,0.0303601363193855
DIS3L2,TAS2R43,0.0043945947614836,0.9025977584382644,0.0445057493657305
DIS3L2,TAZ,0.0037519565646409,0.9167851720854272,0.0377324195188688
DIS3L2,TBC1D21,-0.0040152176929218,0.9109697416611408,0.0404960481069565
DIS3L2,TBC1D31,0.0045425363249401,0.8993359023044081,0.0460780688110915
DIS3L2,TBCD,0.0039775261976637,0.9118020611385378,0.0400994304055177
DIS3L2,TCF24,0.0016311634221751,0.9637690735458322,0.016027013917654
DIS3L2,TCP10L2,-0.0026653241965365,0.9408325022572068,0.0264876877527032
DIS3L2,TCTEX1D1,0.0037930556178285,0.915876994419752,0.0381628497293952
DIS3L2,TDRD10,0.0046224537390728,0.8975745634371861,0.0469294634802915
DIS3L2,TEDDM1,0.002166717506762,0.9518861234490118,0.0214150042582412
DIS3L2,TET2,0.0009090957807542,0.9798026519041394,0.0088613894298252
DIS3L2,TEX28,0.0042133605307832,0.9065958924909368,0.042586252928513
DIS3L2,TEX36,0.0021862225438134,0.9514535283254186,0.0216124190266821
DIS3L2,TEX46,0.0013056641363812,0.970995393099232,0.012782830603147
DIS3L2,TFF2,0.0046690458479285,0.8965479290405449,0.0474264882976343
DIS3L2,TFPI2,-0.0005016085368241,0.9888549548881532,0.0048674059875795
DIS3L2,TGFA,-0.0040656343136865,0.9098565731788884,0.0410270630484258
DIS3L2,THBS1,0.0036613822615224,0.9187869996808448,0.0367851584561316
DIS3L2,THBS2,-0.0039387793556015,0.9126577859015156,0.0396920368742826
DIS3L2,THEM4,0.0003926410419304,0.9912759516422628,0.0038054296793872
DIS3L2,THEM5,-0.0023472602377548,0.9478824891613428,0.0232454996577916
DIS3L2,THOC6,-0.0026243709656622,0.9417399956041184,0.026068984745087
DIS3L2,TIMM13,-0.0038105819133749,0.9154897440564216,0.0383465165994793
DIS3L2,TIMP3,0.0034768706383567,0.9228665588749488,0.0348610908851186
DIS3L2,TLR4,0.0028288386278777,0.9372099190363136,0.0281631236602851
DIS3L2,TLR6,-0.0041294953056315,0.9084468149017244,0.0417004934201454
DIS3L2,TM2D2,0.0008555391915203,0.9809922849981872,0.0083344081102557
DIS3L2,TM9SF4,-0.0002427110163596,0.994607164211044,0.0023484168450788
DIS3L2,TMEM108,0.0021346817637996,0.9525966631905264,0.0210909440930402
DIS3L2,TMEM140,-0.004012209105367,0.9110361749906026,0.0404643779261422
DIS3L2,TMEM150A,0.0047780299159967,0.8941471962327432,0.0485909809250042
DIS3L2,TMEM150B,-0.0010777202212788,0.976057363482388,0.0105246578335294
DIS3L2,TMEM158,0.0043595447760843,0.9033707927204594,0.0441339549140852
DIS3L2,TMEM173,0.0007578034329593,0.9831633608377514,0.0073743145016664
DIS3L2,TMEM176B,-0.0007275501795683,0.9838354244416448,0.0070775440835037
DIS3L2,TMEM179B,0.004103014531043,0.909031354479951,0.0414211367529703
DIS3L2,TMEM199,-0.0046842326920512,0.896213331607096,0.0475886000342976
DIS3L2,TMEM205,0.0041874811963998,0.9071670010787032,0.0423127559710982
DIS3L2,TMEM214,0.0038243524865396,0.9151854918880205,0.0384908732133297
DIS3L2,TMEM221,-0.0008130561799409,0.9819359748642228,0.0079168285772667
DIS3L2,TMEM242,0.0043198569227006,0.9042462264306392,0.0437132949454082
DIS3L2,TMEM30A,0.0038273124774059,0.9151200943660888,0.0385219082307939
DIS3L2,TMEM45B,0.0044996719760925,0.9002808150840335,0.0456220045393853
DIS3L2,TMPPE,-0.0009818222975016,0.9781872764377614,0.0095779904707862
DIS3L2,TNFRSF25,0.0026375479901418,0.9414479941806184,0.0262036655190067
DIS3L2,TNFSF12,-0.0008960028575737,0.9800934762195002,0.0087325015826796
DIS3L2,TNFSF9,0.0016003557187029,0.9644529088801846,0.0157189726989588
DIS3L2,TNNC2,0.0003972651378232,0.9911732135204614,0.0038504432920472
DIS3L2,TNNI3,-0.0018065783280912,0.9598759292536408,0.0177848989633005
DIS3L2,TNNI3K,0.0044874673471541,0.9005498829373974,0.0454922258933733
DIS3L2,TOP2A,-0.0017990297253239,0.9600434433376372,0.0177091140698889
DIS3L2,TP53BP2,-0.0004356348801478,0.9903207207180926,0.0042241340072965
DIS3L2,TPM1,-0.0027971778396652,0.937911249582925,0.0278382550537294
DIS3L2,TPSAB1,-0.0040301384047135,0.9106402831025612,0.0406531421431353
DIS3L2,TPX2,-0.0042829445573911,0.9050605427900956,0.0433223682862802
DIS3L2,TRAF3,-0.0001906588008621,0.9957637085774635,0.0018437059896201
DIS3L2,TRAF3IP3,-0.0019286321788976,0.9571676336916818,0.0190119953351961
DIS3L2,TRAK1,-0.001664545357236,0.963028128305114,0.0163610277360143
DIS3L2,TRAM1,0.0038905373520629,0.91372335266236,0.0391852753806704
DIS3L2,TRAM1L1,-0.0020456289937896,0.9545720132233232,0.0201913027173676
DIS3L2,TRIM29,-0.0031455078463725,0.9301980190004068,0.0314245897203398
DIS3L2,TRIM32,0.0004819783423201,0.9892910838775264,0.0046759050439283
DIS3L2,TRIM65,0.0023026628400291,0.9488713427449342,0.0227926694734547
DIS3L2,TRIM72,-0.0040123158482985,0.9110338179642048,0.0404655015312311
DIS3L2,TRPV2,-0.004200617133814,0.9068771094622512,0.0424515600163971
DIS3L2,TRPV3,0.0032411148119112,0.9280820634679048,0.0324136206178278
DIS3L2,TSEN34,0.0046672238972306,0.8965880715992429,0.0474070433790908
DIS3L2,TSHB,-0.0007184523667606,0.9840375308791276,0.0069883373990708
DIS3L2,TSHZ2,0.0018249128663879,0.959469067507918,0.0179690219990338
DIS3L2,TTC22,-0.0037137472772891,0.917629591020394,0.0373325900831829
DIS3L2,TTC24,-0.0047120927753605,0.8955995645719045,0.0478861262409139
DIS3L2,TTC30B,-0.0029951014012157,0.933527777657462,0.0298727548398378
DIS3L2,TTC37,0.0041026248380324,0.90903995697484,0.0414170268855109
DIS3L2,TUBA8,0.0023256551178484,0.9483615273858093,0.0230260725586242
DIS3L2,TUBB6,0.0031305920154552,0.9305281781850914,0.0312704710608833
DIS3L2,TUBD1,0.0014148354026101,0.96857141769861,0.0138683510224199
DIS3L2,TUSC3,-0.0032162668429979,0.9286319458788762,0.0321563802431009
DIS3L2,U2SURP,-0.0011109176504165,0.975320080562863,0.0108528341376728
DIS3L2,UBE2A,0.0039835516108116,0.911668998917376,0.0401628130275607
DIS3L2,UBE2G2,0.0008867530284072,0.9802989380608736,0.0086414678247167
DIS3L2,UBE2L6,-0.003235432910676,0.9282078002106454,0.0323547863003037
DIS3L2,UBL5,-0.0021740785480407,0.9517228639220672,0.0214894971948836
DIS3L2,UBXN2A,-3.593647033016451e-05,0.9992015157504152,0.000346915825332
DIS3L2,UCMA,-0.002903465019277,0.9355570338625524,0.0289297316949513
DIS3L2,UGT1A9,0.0024132547626094,0.9464193466872052,0.023916390449423
DIS3L2,UNC45A,-0.0019318664519526,0.9570958738493164,0.0190445560599379
DIS3L2,UNC5B,-0.0040673323522003,0.9098190845777864,0.0410449575479491
DIS3L2,USF1,0.0028664989347696,0.9363757541489856,0.0285498401437489
DIS3L2,USP16,0.0008218442034332,0.9817407613381934,0.008003176962277
DIS3L2,USP31,0.0043505113019199,0.9035700426080396,0.0440381763192858
DIS3L2,USP50,0.0002604233084607,0.9942136185464776,0.0025202922741881
DIS3L2,USP53,-0.0021402282926471,0.9524736407300216,0.0211470343860983
DIS3L2,UTF1,-0.0027931516931252,0.9380004377919544,0.027796958923083
DIS3L2,UTP14C,0.00127491764746,0.971678119517718,0.0124775767079564
DIS3L2,UTP23,0.0013000438828111,0.9711201893755488,0.01272701689697
DIS3L2,VAMP5,-0.0008342746127165,0.9814646392240376,0.0081253427950175
DIS3L2,VASN,0.001736116464688,0.9614396446311618,0.0170779738554184
DIS3L2,VEGFB,-0.002410801617311,0.9464737313517704,0.023891435041216
DIS3L2,VHL,-0.0041755807779433,0.9074296371907908,0.0421870405226959
DIS3L2,VMA21,0.0042280929879586,0.9062707961798024,0.0427420145588728
DIS3L2,VPS25,0.0039017819288255,0.913474969153686,0.0393033485931831
DIS3L2,VPS41,0.0012974867294777,0.9711769705374588,0.0127016245462941
DIS3L2,VSTM2A,0.0010779320243267,0.9760526594753566,0.0105267508756968
DIS3L2,VSTM5,-0.0035561006667189,0.9211145254129618,0.0356863690835813
DIS3L2,VWA1,-0.0009762687643451,0.9783106264719632,0.009523229114602
DIS3L2,VWA5B2,0.0024805780499753,0.9449269305317224,0.0246017733889276
DIS3L2,WASF1,0.001178745508579,0.9738137552827092,0.0115240952643629
DIS3L2,WDCP,0.0023061948469238,0.9487930250278108,0.0228285166474639
DIS3L2,WDR87,-0.0040802024236755,0.9095349509154456,0.0411806075426983
DIS3L2,WEE2,0.0038515462718326,0.9145846987444024,0.038776068761657
DIS3L2,WFDC12,0.0006648455396907,0.985228418190644,0.0064630697466731
DIS3L2,WIPI1,-0.0003436467408082,0.9923645151277618,0.0033287735813392
DIS3L2,WNK4,0.0002178230342878,0.9951601472012862,0.0021070243304325
DIS3L2,WNT9B,0.0001506105556331,0.9966535437809412,0.0014557846905949
DIS3L2,WWP1,0.0043277316879594,0.9040725157765418,0.043796733309446
DIS3L2,XAGE5,0.0035050964169421,0.9222423518855354,0.0351549376708868
DIS3L2,XKR7,0.0011183526435334,0.9751549593906552,0.0109263661876991
DIS3L2,YAP1,0.0023182100424064,0.9485266071991229,0.0229504821736462
DIS3L2,YJU2,0.0032374312909275,0.9281635771639898,0.0323754780922298
DIS3L2,YPEL1,-0.0020974291118992,0.953422959107278,0.02071439416108
DIS3L2,YWHAG,-0.0013369474069018,0.9703007692093568,0.0130936243306601
DIS3L2,YY1,0.0009501938372057,0.9788897859420248,0.0092662030402809
DIS3L2,ZBED2,0.0045436023920229,0.8993124034555567,0.0460894166886673
DIS3L2,ZBTB10,0.0042434546346739,0.905931832441834,0.0429044799259976
DIS3L2,ZBTB2,0.0015786204479638,0.9649353801150172,0.0155017695568775
DIS3L2,ZBTB44,-0.0020299372788292,0.9549201127914309,0.0200329593325513
DIS3L2,ZDHHC20,-0.0043937336950077,0.9026167483265434,0.0444966122757493
DIS3L2,ZFP37,0.0007390468428926,0.9835800294111744,0.0071902977500916
DIS3L2,ZFP82,0.0011626239704457,0.9741717751569522,0.0113644574691981
DIS3L2,ZFYVE16,-0.004309753975197,0.9044690955956406,0.0436062677666613
DIS3L2,ZKSCAN1,0.0019218836536176,0.9573173664780456,0.0189440625772955
DIS3L2,ZNF106,0.0012613824833641,0.9719786747107664,0.0123432634245864
DIS3L2,ZNF112,0.0013534022958207,0.9699354085073456,0.0132571860047343
DIS3L2,ZNF117,0.0039311956792329,0.9128252834019622,0.039612339350264
DIS3L2,ZNF131,0.0013463259744189,0.9700925288100932,0.0131868401305178
DIS3L2,ZNF142,0.0019681516092238,0.9562908274751892,0.0194100098580108
DIS3L2,ZNF17,0.0020481037884092,0.9545171140247516,0.0202162805129737
DIS3L2,ZNF19,0.0019036955427759,0.957720922338471,0.0187610248939863
DIS3L2,ZNF20,0.0039698976839833,0.9119705289732696,0.0400191960039185
DIS3L2,ZNF215,-0.002781710765964,0.938253884316654,0.0276796289571961
DIS3L2,ZNF248,0.0014705665055931,0.9673341069673894,0.0144234992869317
DIS3L2,ZNF250,0.0017598329059647,0.9609133038850678,0.0173157937495414
DIS3L2,ZNF26,-0.0003570883236798,0.992065866318832,0.0034594927357495
DIS3L2,ZNF320,0.0007823758050281,0.982617504435016,0.0076155035720255
DIS3L2,ZNF333,-0.0046085883517092,0.8978801136082579,0.0467816471569739
DIS3L2,ZNF354B,0.0028005457987287,0.9378366423052572,0.0278728029043848
DIS3L2,ZNF417,0.003510375451793,0.9221256124656784,0.0352099150798552
DIS3L2,ZNF418,-0.0020069461640568,0.9554301551967928,0.0198010556747137
DIS3L2,ZNF462,9.921774631712198e-05,0.9977954507057044,0.0009584804909573
DIS3L2,ZNF470,0.0043345300285529,0.9039225538242924,0.043868777364877
DIS3L2,ZNF512,0.0039895852322669,0.9115357579051406,0.0402262900849383
DIS3L2,ZNF558,-0.001602624988886,0.9644025372335896,0.0157416557136032
DIS3L2,ZNF565,0.0015395806729292,0.965802002182987,0.0151118986083565
DIS3L2,ZNF570,0.0031213305210146,0.9307331856763866,0.0311748008618375
DIS3L2,ZNF573,0.0006398512503294,0.9857836831502548,0.0062183746337728
DIS3L2,ZNF582,-4.728750977992136e-05,0.9989493034008882,0.0004565516257924
DIS3L2,ZNF589,-0.0032120454314244,0.9287253685708188,0.0321126913316417
DIS3L2,ZNF614,-0.0044821398669038,0.9006673381546266,0.0454355862474845
DIS3L2,ZNF615,0.0008220423579119,0.9817363596289456,0.0080051241589283
DIS3L2,ZNF621,-0.0012758759252252,0.9716568406249112,0.0124870874777588
DIS3L2,ZNF649,0.0013533748760498,0.969936017324636,0.013256913403173
DIS3L2,ZNF660,0.0015514262152511,0.9655390453257994,0.015230159143344
DIS3L2,ZNF668,0.0004483094741166,0.9900391209907566,0.0043476440946412
DIS3L2,ZNF707,0.0028836078330758,0.935996819977011,0.0287256267627307
DIS3L2,ZNF76,-0.0024553428509681,0.9454863196735228,0.0243447506193455
DIS3L2,ZNF773,8.079233952430419e-05,0.9982048496574348,0.0007803244975995
DIS3L2,ZNF782,0.0037472332858467,0.916889550710102,0.0376829766594453
DIS3L2,ZNF787,-0.0035300465551589,0.9216906247610436,0.0354148300377661
DIS3L2,ZNF808,0.0040736179588378,0.909680315265051,0.0411112029634745
DIS3L2,ZNF814,-0.0020388103562942,0.9547232744564834,0.0201224899785014
DIS3L2,ZNF829,0.001444680337074,0.9679088076000874,0.0141655582098863
DIS3L2,ZNF83,0.0017532372401616,0.9610596802900474,0.0172496424918392
DIS3L2,ZNF839,-0.0027733560852073,0.9384389663396792,0.0275939675219412
DIS3L2,ZNF879,0.0007986259336494,0.9822565247347328,0.0077750776631362
DIS3L2,ZP4,0.0005591863916529,0.9875757528008184,0.0054295815125617
DIS3L2,ZSCAN9,-0.0031645784783078,0.9297759115280538,0.0316217096327766
DIS3L2,ZXDB,-0.0011537575992145,0.9743686777632884,0.0112766853979875
